Using vips to process variants requires the libvips library. Please install libvips using the instructions on the libvips website.
Using vips to process variants requires the libvips library. Please install libvips using the instructions on the libvips website.
Using vips to process variants requires the libvips library. Please install libvips using the instructions on the libvips website.
Using vips to process variants requires the libvips library. Please install libvips using the instructions on the libvips website.
Using vips to process variants requires the libvips library. Please install libvips using the instructions on the libvips website.
Using vips to process variants requires the libvips library. Please install libvips using the instructions on the libvips website.
  [1m[35mSQL (0.7ms)[0m  [1m[35mSET search_path TO public /*application='WebtechRoomies'*/[0m
  [1m[35m (332.6ms)[0m  [1m[35mCREATE DATABASE "webtech_roomies_development" ENCODING = 'unicode' /*application='WebtechRoomies'*/[0m
  [1m[35mSQL (0.2ms)[0m  [1m[35mSET search_path TO public /*application='WebtechRoomies'*/[0m
  [1m[35m (68.0ms)[0m  [1m[35mCREATE DATABASE "webtech_roomies_test" ENCODING = 'unicode' /*application='WebtechRoomies'*/[0m
Using vips to process variants requires the libvips library. Please install libvips using the instructions on the libvips website.
Started GET "/" for ::1 at 2026-10-04 15:20:32 -0300
  [1m[35m (7.2ms)[0m  [1m[35mCREATE TABLE "schema_migrations" ("version" character varying NOT NULL PRIMARY KEY) /*application='WebtechRoomies'*/[0m
  [1m[35m (3.4ms)[0m  [1m[35mCREATE TABLE "ar_internal_metadata" ("key" character varying NOT NULL PRIMARY KEY, "value" character varying, "created_at" timestamp(6) NOT NULL, "updated_at" timestamp(6) NOT NULL) /*application='WebtechRoomies'*/[0m
  [1m[36mActiveRecord::SchemaMigration Load (0.6ms)[0m  [1m[34mSELECT "schema_migrations"."version" FROM "schema_migrations" ORDER BY "schema_migrations"."version" ASC /*application='WebtechRoomies'*/[0m
Processing by Rails::WelcomeController#index as HTML
  Rendering /home/arant/.rbenv/versions/3.2.0/lib/ruby/gems/3.2.0/gems/railties-8.1.4/lib/rails/templates/rails/welcome/index.html.erb
  Rendered /home/arant/.rbenv/versions/3.2.0/lib/ruby/gems/3.2.0/gems/railties-8.1.4/lib/rails/templates/rails/welcome/index.html.erb (Duration: 0.8ms | GC: 0.0ms)
Completed 200 OK in 17ms (Views: 4.7ms | ActiveRecord: 0.0ms (0 queries, 0 cached) | GC: 0.5ms)


Using vips to process variants requires the libvips library. Please install libvips using the instructions on the libvips website.
Using vips to process variants requires the libvips library. Please install libvips using the instructions on the libvips website.
  [1m[35m (0.5ms)[0m  [1m[34mSELECT pg_try_advisory_lock(752344604101426980) /*application='WebtechRoomies'*/[0m
  [1m[36mActiveRecord::SchemaMigration Load (1.1ms)[0m  [1m[34mSELECT "schema_migrations"."version" FROM "schema_migrations" ORDER BY "schema_migrations"."version" ASC /*application='WebtechRoomies'*/[0m
  [1m[36mActiveRecord::InternalMetadata Load (2.9ms)[0m  [1m[34mSELECT * FROM "ar_internal_metadata" WHERE "ar_internal_metadata"."key" = 'environment' ORDER BY "ar_internal_metadata"."key" ASC LIMIT 1 /*application='WebtechRoomies'*/[0m
  [1m[36mActiveRecord::InternalMetadata Create (3.7ms)[0m  [1m[32mINSERT INTO "ar_internal_metadata" ("key", "value", "created_at", "updated_at") VALUES ('environment', 'development', '2026-10-04 19:11:57.633215', '2026-10-04 19:11:57.633218') RETURNING "key" /*application='WebtechRoomies'*/[0m
Migrating to CreateNeighborhoods (20261004191134)
  [1m[36mTRANSACTION (0.2ms)[0m  [1m[35mBEGIN /*application='WebtechRoomies'*/[0m
  [1m[35m (16.5ms)[0m  [1m[35mCREATE TABLE "neighborhoods" ("id" bigserial primary key, "created_at" timestamp(6) NOT NULL, "updated_at" timestamp(6) NOT NULL) /*application='WebtechRoomies'*/[0m
  [1m[36mActiveRecord::SchemaMigration Create (0.9ms)[0m  [1m[32mINSERT INTO "schema_migrations" ("version") VALUES ('20261004191134') RETURNING "version" /*application='WebtechRoomies'*/[0m
  [1m[36mTRANSACTION (2.7ms)[0m  [1m[35mCOMMIT /*application='WebtechRoomies'*/[0m
  [1m[35m (0.5ms)[0m  [1m[34mSELECT pg_advisory_unlock(752344604101426980) /*application='WebtechRoomies'*/[0m
  [1m[36mActiveRecord::SchemaMigration Load (0.3ms)[0m  [1m[34mSELECT "schema_migrations"."version" FROM "schema_migrations" ORDER BY "schema_migrations"."version" ASC /*application='WebtechRoomies'*/[0m
  [1m[35mSQL (0.2ms)[0m  [1m[35mSET search_path TO public /*application='WebtechRoomies'*/[0m
  [1m[35mSQL (0.2ms)[0m  [1m[35mSET search_path TO "$user", public /*application='WebtechRoomies'*/[0m
  [1m[35mSQL (0.2ms)[0m  [1m[35mSET search_path TO public /*application='WebtechRoomies'*/[0m
  [1m[35mSQL (0.2ms)[0m  [1m[35mSET search_path TO "$user", public /*application='WebtechRoomies'*/[0m
Using vips to process variants requires the libvips library. Please install libvips using the instructions on the libvips website.
Using vips to process variants requires the libvips library. Please install libvips using the instructions on the libvips website.
Using vips to process variants requires the libvips library. Please install libvips using the instructions on the libvips website.
Using vips to process variants requires the libvips library. Please install libvips using the instructions on the libvips website.
Using vips to process variants requires the libvips library. Please install libvips using the instructions on the libvips website.
Using vips to process variants requires the libvips library. Please install libvips using the instructions on the libvips website.
Using vips to process variants requires the libvips library. Please install libvips using the instructions on the libvips website.
Using vips to process variants requires the libvips library. Please install libvips using the instructions on the libvips website.
Using vips to process variants requires the libvips library. Please install libvips using the instructions on the libvips website.
Using vips to process variants requires the libvips library. Please install libvips using the instructions on the libvips website.
Using vips to process variants requires the libvips library. Please install libvips using the instructions on the libvips website.
Using vips to process variants requires the libvips library. Please install libvips using the instructions on the libvips website.
Using vips to process variants requires the libvips library. Please install libvips using the instructions on the libvips website.
Using vips to process variants requires the libvips library. Please install libvips using the instructions on the libvips website.
Using vips to process variants requires the libvips library. Please install libvips using the instructions on the libvips website.
  [1m[35m (0.4ms)[0m  [1m[34mSELECT pg_try_advisory_lock(752344604101426980) /*application='WebtechRoomies'*/[0m
  [1m[36mActiveRecord::SchemaMigration Load (1.2ms)[0m  [1m[34mSELECT "schema_migrations"."version" FROM "schema_migrations" ORDER BY "schema_migrations"."version" ASC /*application='WebtechRoomies'*/[0m
  [1m[36mActiveRecord::InternalMetadata Load (3.1ms)[0m  [1m[34mSELECT * FROM "ar_internal_metadata" WHERE "ar_internal_metadata"."key" = 'environment' ORDER BY "ar_internal_metadata"."key" ASC LIMIT 1 /*application='WebtechRoomies'*/[0m
Migrating to CreateNeighborhood (20261004191923)
  [1m[35m (0.4ms)[0m  [1m[34mSELECT pg_advisory_unlock(752344604101426980) /*application='WebtechRoomies'*/[0m
Using vips to process variants requires the libvips library. Please install libvips using the instructions on the libvips website.
  [1m[36mActiveRecord::SchemaMigration Load (1.0ms)[0m  [1m[34mSELECT "schema_migrations"."version" FROM "schema_migrations" ORDER BY "schema_migrations"."version" ASC /*application='WebtechRoomies'*/[0m
Using vips to process variants requires the libvips library. Please install libvips using the instructions on the libvips website.
  [1m[36mActiveRecord::SchemaMigration Load (0.6ms)[0m  [1m[34mSELECT "schema_migrations"."version" FROM "schema_migrations" ORDER BY "schema_migrations"."version" ASC /*application='WebtechRoomies'*/[0m
  [1m[36mActiveRecord::InternalMetadata Load (1.5ms)[0m  [1m[34mSELECT * FROM "ar_internal_metadata" WHERE "ar_internal_metadata"."key" = 'environment' ORDER BY "ar_internal_metadata"."key" ASC LIMIT 1 /*application='WebtechRoomies'*/[0m
  [1m[36mActiveRecord::SchemaMigration Load (0.2ms)[0m  [1m[34mSELECT "schema_migrations"."version" FROM "schema_migrations" ORDER BY "schema_migrations"."version" ASC /*application='WebtechRoomies'*/[0m
  [1m[36mActiveRecord::InternalMetadata Load (0.2ms)[0m  [1m[34mSELECT * FROM "ar_internal_metadata" WHERE "ar_internal_metadata"."key" = 'environment' ORDER BY "ar_internal_metadata"."key" ASC LIMIT 1 /*application='WebtechRoomies'*/[0m
  [1m[36mActiveRecord::SchemaMigration Load (0.3ms)[0m  [1m[34mSELECT "schema_migrations"."version" FROM "schema_migrations" ORDER BY "schema_migrations"."version" ASC /*application='WebtechRoomies'*/[0m
  [1m[36mActiveRecord::InternalMetadata Load (0.4ms)[0m  [1m[34mSELECT * FROM "ar_internal_metadata" WHERE "ar_internal_metadata"."key" = 'environment' ORDER BY "ar_internal_metadata"."key" ASC LIMIT 1 /*application='WebtechRoomies'*/[0m
  [1m[35mSQL (0.1ms)[0m  [1m[35mSET search_path TO public /*application='WebtechRoomies'*/[0m
  [1m[35m (88.6ms)[0m  [1m[35mDROP DATABASE IF EXISTS "webtech_roomies_development" /*application='WebtechRoomies'*/[0m
  [1m[35mSQL (0.2ms)[0m  [1m[35mSET search_path TO public /*application='WebtechRoomies'*/[0m
  [1m[35m (49.1ms)[0m  [1m[35mDROP DATABASE IF EXISTS "webtech_roomies_test" /*application='WebtechRoomies'*/[0m
  [1m[35mSQL (0.1ms)[0m  [1m[35mSET search_path TO public /*application='WebtechRoomies'*/[0m
  [1m[35m (173.6ms)[0m  [1m[35mCREATE DATABASE "webtech_roomies_development" ENCODING = 'unicode' /*application='WebtechRoomies'*/[0m
  [1m[35mSQL (0.1ms)[0m  [1m[35mSET search_path TO public /*application='WebtechRoomies'*/[0m
  [1m[35m (107.1ms)[0m  [1m[35mCREATE DATABASE "webtech_roomies_test" ENCODING = 'unicode' /*application='WebtechRoomies'*/[0m
Using vips to process variants requires the libvips library. Please install libvips using the instructions on the libvips website.
Using vips to process variants requires the libvips library. Please install libvips using the instructions on the libvips website.
Using vips to process variants requires the libvips library. Please install libvips using the instructions on the libvips website.
  [1m[35mSQL (1.6ms)[0m  [1m[35mCREATE EXTENSION IF NOT EXISTS "plpgsql" SCHEMA pg_catalog /*application='WebtechRoomies'*/[0m
  [1m[35m (0.9ms)[0m  [1m[35mDROP TABLE IF EXISTS "neighborhoods" CASCADE /*application='WebtechRoomies'*/[0m
  [1m[35m (9.0ms)[0m  [1m[35mCREATE TABLE "neighborhoods" ("id" bigserial primary key, "created_at" timestamp(6) NOT NULL, "updated_at" timestamp(6) NOT NULL) /*application='WebtechRoomies'*/[0m
  [1m[35m (3.4ms)[0m  [1m[35mCREATE TABLE "schema_migrations" ("version" character varying NOT NULL PRIMARY KEY) /*application='WebtechRoomies'*/[0m
  [1m[36mActiveRecord::SchemaMigration Load (0.6ms)[0m  [1m[34mSELECT "schema_migrations"."version" FROM "schema_migrations" ORDER BY "schema_migrations"."version" ASC /*application='WebtechRoomies'*/[0m
  [1m[35m (1.9ms)[0m  [1m[32mINSERT INTO "schema_migrations" (version) VALUES (20261004191134) /*application='WebtechRoomies'*/[0m
  [1m[35m (3.6ms)[0m  [1m[35mCREATE TABLE "ar_internal_metadata" ("key" character varying NOT NULL PRIMARY KEY, "value" character varying, "created_at" timestamp(6) NOT NULL, "updated_at" timestamp(6) NOT NULL) /*application='WebtechRoomies'*/[0m
  [1m[36mActiveRecord::InternalMetadata Load (0.6ms)[0m  [1m[34mSELECT * FROM "ar_internal_metadata" WHERE "ar_internal_metadata"."key" = 'environment' ORDER BY "ar_internal_metadata"."key" ASC LIMIT 1 /*application='WebtechRoomies'*/[0m
  [1m[36mActiveRecord::InternalMetadata Create (2.3ms)[0m  [1m[32mINSERT INTO "ar_internal_metadata" ("key", "value", "created_at", "updated_at") VALUES ('environment', 'development', '2026-10-04 20:40:25.071992', '2026-10-04 20:40:25.071995') RETURNING "key" /*application='WebtechRoomies'*/[0m
  [1m[36mActiveRecord::InternalMetadata Load (0.2ms)[0m  [1m[34mSELECT * FROM "ar_internal_metadata" WHERE "ar_internal_metadata"."key" = 'environment' ORDER BY "ar_internal_metadata"."key" ASC LIMIT 1 /*application='WebtechRoomies'*/[0m
  [1m[36mActiveRecord::InternalMetadata Load (0.3ms)[0m  [1m[34mSELECT * FROM "ar_internal_metadata" WHERE "ar_internal_metadata"."key" = 'schema_sha1' ORDER BY "ar_internal_metadata"."key" ASC LIMIT 1 /*application='WebtechRoomies'*/[0m
  [1m[36mActiveRecord::InternalMetadata Create (1.4ms)[0m  [1m[32mINSERT INTO "ar_internal_metadata" ("key", "value", "created_at", "updated_at") VALUES ('schema_sha1', 'b2aa4af8f081d6fc99e6832eeec4f458d86707e9', '2026-10-04 20:40:25.078322', '2026-10-04 20:40:25.078324') RETURNING "key" /*application='WebtechRoomies'*/[0m
  [1m[35m (0.2ms)[0m  [1m[34mSELECT pg_try_advisory_lock(752344604101426980) /*application='WebtechRoomies'*/[0m
  [1m[36mActiveRecord::SchemaMigration Load (0.2ms)[0m  [1m[34mSELECT "schema_migrations"."version" FROM "schema_migrations" ORDER BY "schema_migrations"."version" ASC /*application='WebtechRoomies'*/[0m
  [1m[36mActiveRecord::InternalMetadata Load (0.2ms)[0m  [1m[34mSELECT * FROM "ar_internal_metadata" WHERE "ar_internal_metadata"."key" = 'environment' ORDER BY "ar_internal_metadata"."key" ASC LIMIT 1 /*application='WebtechRoomies'*/[0m
Migrating to CreateNeighborhood (20261004191923)
  [1m[36mTRANSACTION (0.2ms)[0m  [1m[35mBEGIN /*application='WebtechRoomies'*/[0m
  [1m[35m (3.9ms)[0m  [1m[35mCREATE TABLE "neighborhoods" ("id" bigserial primary key, "name" character varying NOT NULL, "city" character varying NOT NULL, "created_at" timestamp(6) NOT NULL, "updated_at" timestamp(6) NOT NULL) /*application='WebtechRoomies'*/[0m
  [1m[36mTRANSACTION (0.3ms)[0m  [1m[31mROLLBACK /*application='WebtechRoomies'*/[0m
  [1m[35m (0.3ms)[0m  [1m[34mSELECT pg_advisory_unlock(752344604101426980) /*application='WebtechRoomies'*/[0m
Using vips to process variants requires the libvips library. Please install libvips using the instructions on the libvips website.
  [1m[36mActiveRecord::SchemaMigration Load (0.6ms)[0m  [1m[34mSELECT "schema_migrations"."version" FROM "schema_migrations" ORDER BY "schema_migrations"."version" ASC /*application='WebtechRoomies'*/[0m
  [1m[36mActiveRecord::InternalMetadata Load (1.7ms)[0m  [1m[34mSELECT * FROM "ar_internal_metadata" WHERE "ar_internal_metadata"."key" = 'environment' ORDER BY "ar_internal_metadata"."key" ASC LIMIT 1 /*application='WebtechRoomies'*/[0m
  [1m[36mActiveRecord::SchemaMigration Load (0.2ms)[0m  [1m[34mSELECT "schema_migrations"."version" FROM "schema_migrations" ORDER BY "schema_migrations"."version" ASC /*application='WebtechRoomies'*/[0m
  [1m[36mActiveRecord::InternalMetadata Load (0.2ms)[0m  [1m[34mSELECT * FROM "ar_internal_metadata" WHERE "ar_internal_metadata"."key" = 'environment' ORDER BY "ar_internal_metadata"."key" ASC LIMIT 1 /*application='WebtechRoomies'*/[0m
  [1m[36mActiveRecord::SchemaMigration Load (0.2ms)[0m  [1m[34mSELECT "schema_migrations"."version" FROM "schema_migrations" ORDER BY "schema_migrations"."version" ASC /*application='WebtechRoomies'*/[0m
  [1m[36mActiveRecord::InternalMetadata Load (0.2ms)[0m  [1m[34mSELECT * FROM "ar_internal_metadata" WHERE "ar_internal_metadata"."key" = 'environment' ORDER BY "ar_internal_metadata"."key" ASC LIMIT 1 /*application='WebtechRoomies'*/[0m
  [1m[35mSQL (0.1ms)[0m  [1m[35mSET search_path TO public /*application='WebtechRoomies'*/[0m
  [1m[35m (203.4ms)[0m  [1m[35mDROP DATABASE IF EXISTS "webtech_roomies_development" /*application='WebtechRoomies'*/[0m
  [1m[35mSQL (0.1ms)[0m  [1m[35mSET search_path TO public /*application='WebtechRoomies'*/[0m
  [1m[35m (47.2ms)[0m  [1m[35mDROP DATABASE IF EXISTS "webtech_roomies_test" /*application='WebtechRoomies'*/[0m
  [1m[35mSQL (0.2ms)[0m  [1m[35mSET search_path TO public /*application='WebtechRoomies'*/[0m
  [1m[35m (62.3ms)[0m  [1m[35mCREATE DATABASE "webtech_roomies_development" ENCODING = 'unicode' /*application='WebtechRoomies'*/[0m
  [1m[35mSQL (0.1ms)[0m  [1m[35mSET search_path TO public /*application='WebtechRoomies'*/[0m
  [1m[35m (70.7ms)[0m  [1m[35mCREATE DATABASE "webtech_roomies_test" ENCODING = 'unicode' /*application='WebtechRoomies'*/[0m
Using vips to process variants requires the libvips library. Please install libvips using the instructions on the libvips website.
  [1m[35mSQL (1.7ms)[0m  [1m[35mCREATE EXTENSION IF NOT EXISTS "plpgsql" SCHEMA pg_catalog /*application='WebtechRoomies'*/[0m
  [1m[35m (0.8ms)[0m  [1m[35mDROP TABLE IF EXISTS "neighborhoods" CASCADE /*application='WebtechRoomies'*/[0m
  [1m[35m (7.7ms)[0m  [1m[35mCREATE TABLE "neighborhoods" ("id" bigserial primary key, "created_at" timestamp(6) NOT NULL, "updated_at" timestamp(6) NOT NULL) /*application='WebtechRoomies'*/[0m
  [1m[35m (3.8ms)[0m  [1m[35mCREATE TABLE "schema_migrations" ("version" character varying NOT NULL PRIMARY KEY) /*application='WebtechRoomies'*/[0m
  [1m[36mActiveRecord::SchemaMigration Load (0.6ms)[0m  [1m[34mSELECT "schema_migrations"."version" FROM "schema_migrations" ORDER BY "schema_migrations"."version" ASC /*application='WebtechRoomies'*/[0m
  [1m[35m (1.5ms)[0m  [1m[32mINSERT INTO "schema_migrations" (version) VALUES (20261004191134) /*application='WebtechRoomies'*/[0m
  [1m[35m (3.1ms)[0m  [1m[35mCREATE TABLE "ar_internal_metadata" ("key" character varying NOT NULL PRIMARY KEY, "value" character varying, "created_at" timestamp(6) NOT NULL, "updated_at" timestamp(6) NOT NULL) /*application='WebtechRoomies'*/[0m
  [1m[36mActiveRecord::InternalMetadata Load (0.6ms)[0m  [1m[34mSELECT * FROM "ar_internal_metadata" WHERE "ar_internal_metadata"."key" = 'environment' ORDER BY "ar_internal_metadata"."key" ASC LIMIT 1 /*application='WebtechRoomies'*/[0m
  [1m[36mActiveRecord::InternalMetadata Create (1.8ms)[0m  [1m[32mINSERT INTO "ar_internal_metadata" ("key", "value", "created_at", "updated_at") VALUES ('environment', 'development', '2026-10-04 20:42:14.431744', '2026-10-04 20:42:14.431746') RETURNING "key" /*application='WebtechRoomies'*/[0m
  [1m[36mActiveRecord::InternalMetadata Load (0.2ms)[0m  [1m[34mSELECT * FROM "ar_internal_metadata" WHERE "ar_internal_metadata"."key" = 'environment' ORDER BY "ar_internal_metadata"."key" ASC LIMIT 1 /*application='WebtechRoomies'*/[0m
  [1m[36mActiveRecord::InternalMetadata Load (0.2ms)[0m  [1m[34mSELECT * FROM "ar_internal_metadata" WHERE "ar_internal_metadata"."key" = 'schema_sha1' ORDER BY "ar_internal_metadata"."key" ASC LIMIT 1 /*application='WebtechRoomies'*/[0m
  [1m[36mActiveRecord::InternalMetadata Create (1.3ms)[0m  [1m[32mINSERT INTO "ar_internal_metadata" ("key", "value", "created_at", "updated_at") VALUES ('schema_sha1', 'b2aa4af8f081d6fc99e6832eeec4f458d86707e9', '2026-10-04 20:42:14.437796', '2026-10-04 20:42:14.437798') RETURNING "key" /*application='WebtechRoomies'*/[0m
  [1m[35m (0.2ms)[0m  [1m[34mSELECT pg_try_advisory_lock(752344604101426980) /*application='WebtechRoomies'*/[0m
  [1m[36mActiveRecord::SchemaMigration Load (0.2ms)[0m  [1m[34mSELECT "schema_migrations"."version" FROM "schema_migrations" ORDER BY "schema_migrations"."version" ASC /*application='WebtechRoomies'*/[0m
  [1m[36mActiveRecord::InternalMetadata Load (0.3ms)[0m  [1m[34mSELECT * FROM "ar_internal_metadata" WHERE "ar_internal_metadata"."key" = 'environment' ORDER BY "ar_internal_metadata"."key" ASC LIMIT 1 /*application='WebtechRoomies'*/[0m
Migrating to CreateNeighborhood (20261004191923)
  [1m[36mTRANSACTION (0.2ms)[0m  [1m[35mBEGIN /*application='WebtechRoomies'*/[0m
  [1m[35m (3.8ms)[0m  [1m[35mCREATE TABLE "neighborhoods" ("id" bigserial primary key, "name" character varying NOT NULL, "city" character varying NOT NULL, "created_at" timestamp(6) NOT NULL, "updated_at" timestamp(6) NOT NULL) /*application='WebtechRoomies'*/[0m
  [1m[36mTRANSACTION (0.2ms)[0m  [1m[31mROLLBACK /*application='WebtechRoomies'*/[0m
  [1m[35m (0.4ms)[0m  [1m[34mSELECT pg_advisory_unlock(752344604101426980) /*application='WebtechRoomies'*/[0m
Using vips to process variants requires the libvips library. Please install libvips using the instructions on the libvips website.
  [1m[36mActiveRecord::SchemaMigration Load (0.8ms)[0m  [1m[34mSELECT "schema_migrations"."version" FROM "schema_migrations" ORDER BY "schema_migrations"."version" ASC /*application='WebtechRoomies'*/[0m
Using vips to process variants requires the libvips library. Please install libvips using the instructions on the libvips website.
  [1m[36mActiveRecord::SchemaMigration Load (0.7ms)[0m  [1m[34mSELECT "schema_migrations"."version" FROM "schema_migrations" ORDER BY "schema_migrations"."version" ASC /*application='WebtechRoomies'*/[0m
  [1m[36mActiveRecord::InternalMetadata Load (1.4ms)[0m  [1m[34mSELECT * FROM "ar_internal_metadata" WHERE "ar_internal_metadata"."key" = 'environment' ORDER BY "ar_internal_metadata"."key" ASC LIMIT 1 /*application='WebtechRoomies'*/[0m
  [1m[36mActiveRecord::SchemaMigration Load (0.2ms)[0m  [1m[34mSELECT "schema_migrations"."version" FROM "schema_migrations" ORDER BY "schema_migrations"."version" ASC /*application='WebtechRoomies'*/[0m
  [1m[36mActiveRecord::InternalMetadata Load (0.2ms)[0m  [1m[34mSELECT * FROM "ar_internal_metadata" WHERE "ar_internal_metadata"."key" = 'environment' ORDER BY "ar_internal_metadata"."key" ASC LIMIT 1 /*application='WebtechRoomies'*/[0m
  [1m[36mActiveRecord::SchemaMigration Load (0.2ms)[0m  [1m[34mSELECT "schema_migrations"."version" FROM "schema_migrations" ORDER BY "schema_migrations"."version" ASC /*application='WebtechRoomies'*/[0m
  [1m[36mActiveRecord::InternalMetadata Load (0.3ms)[0m  [1m[34mSELECT * FROM "ar_internal_metadata" WHERE "ar_internal_metadata"."key" = 'environment' ORDER BY "ar_internal_metadata"."key" ASC LIMIT 1 /*application='WebtechRoomies'*/[0m
  [1m[35mSQL (0.2ms)[0m  [1m[35mSET search_path TO public /*application='WebtechRoomies'*/[0m
  [1m[35m (202.1ms)[0m  [1m[35mDROP DATABASE IF EXISTS "webtech_roomies_development" /*application='WebtechRoomies'*/[0m
  [1m[35mSQL (0.4ms)[0m  [1m[35mSET search_path TO public /*application='WebtechRoomies'*/[0m
  [1m[35m (47.9ms)[0m  [1m[35mDROP DATABASE IF EXISTS "webtech_roomies_test" /*application='WebtechRoomies'*/[0m
  [1m[35mSQL (0.1ms)[0m  [1m[35mSET search_path TO public /*application='WebtechRoomies'*/[0m
  [1m[35m (62.4ms)[0m  [1m[35mCREATE DATABASE "webtech_roomies_development" ENCODING = 'unicode' /*application='WebtechRoomies'*/[0m
  [1m[35mSQL (0.2ms)[0m  [1m[35mSET search_path TO public /*application='WebtechRoomies'*/[0m
  [1m[35m (56.7ms)[0m  [1m[35mCREATE DATABASE "webtech_roomies_test" ENCODING = 'unicode' /*application='WebtechRoomies'*/[0m
Using vips to process variants requires the libvips library. Please install libvips using the instructions on the libvips website.
Using vips to process variants requires the libvips library. Please install libvips using the instructions on the libvips website.
Using vips to process variants requires the libvips library. Please install libvips using the instructions on the libvips website.
  [1m[35mSQL (0.2ms)[0m  [1m[35mSET search_path TO public /*application='WebtechRoomies'*/[0m
  [1m[35m (212.3ms)[0m  [1m[35mDROP DATABASE IF EXISTS "webtech_roomies_development" /*application='WebtechRoomies'*/[0m
  [1m[35mSQL (0.2ms)[0m  [1m[35mSET search_path TO public /*application='WebtechRoomies'*/[0m
  [1m[35m (48.6ms)[0m  [1m[35mDROP DATABASE IF EXISTS "webtech_roomies_test" /*application='WebtechRoomies'*/[0m
  [1m[35mSQL (0.2ms)[0m  [1m[35mSET search_path TO public /*application='WebtechRoomies'*/[0m
  [1m[35m (58.5ms)[0m  [1m[35mCREATE DATABASE "webtech_roomies_development" ENCODING = 'unicode' /*application='WebtechRoomies'*/[0m
  [1m[35mSQL (0.2ms)[0m  [1m[35mSET search_path TO public /*application='WebtechRoomies'*/[0m
  [1m[35m (58.4ms)[0m  [1m[35mCREATE DATABASE "webtech_roomies_test" ENCODING = 'unicode' /*application='WebtechRoomies'*/[0m
Using vips to process variants requires the libvips library. Please install libvips using the instructions on the libvips website.
Using vips to process variants requires the libvips library. Please install libvips using the instructions on the libvips website.
Using vips to process variants requires the libvips library. Please install libvips using the instructions on the libvips website.
  [1m[35m (10.7ms)[0m  [1m[35mCREATE TABLE "schema_migrations" ("version" character varying NOT NULL PRIMARY KEY) /*application='WebtechRoomies'*/[0m
  [1m[35m (4.6ms)[0m  [1m[35mCREATE TABLE "ar_internal_metadata" ("key" character varying NOT NULL PRIMARY KEY, "value" character varying, "created_at" timestamp(6) NOT NULL, "updated_at" timestamp(6) NOT NULL) /*application='WebtechRoomies'*/[0m
  [1m[35m (0.2ms)[0m  [1m[34mSELECT pg_try_advisory_lock(752344604101426980) /*application='WebtechRoomies'*/[0m
  [1m[36mActiveRecord::SchemaMigration Load (0.7ms)[0m  [1m[34mSELECT "schema_migrations"."version" FROM "schema_migrations" ORDER BY "schema_migrations"."version" ASC /*application='WebtechRoomies'*/[0m
  [1m[36mActiveRecord::InternalMetadata Load (0.8ms)[0m  [1m[34mSELECT * FROM "ar_internal_metadata" WHERE "ar_internal_metadata"."key" = 'environment' ORDER BY "ar_internal_metadata"."key" ASC LIMIT 1 /*application='WebtechRoomies'*/[0m
  [1m[36mActiveRecord::InternalMetadata Create (1.8ms)[0m  [1m[32mINSERT INTO "ar_internal_metadata" ("key", "value", "created_at", "updated_at") VALUES ('environment', 'development', '2026-10-04 20:48:25.353770', '2026-10-04 20:48:25.353773') RETURNING "key" /*application='WebtechRoomies'*/[0m
Migrating to CreateNeighborhood (20261004191923)
  [1m[36mTRANSACTION (0.2ms)[0m  [1m[35mBEGIN /*application='WebtechRoomies'*/[0m
  [1m[35m (5.0ms)[0m  [1m[35mCREATE TABLE "neighborhoods" ("id" bigserial primary key, "name" character varying NOT NULL, "city" character varying NOT NULL, "created_at" timestamp(6) NOT NULL, "updated_at" timestamp(6) NOT NULL) /*application='WebtechRoomies'*/[0m
  [1m[35m (2.7ms)[0m  [1m[35mCREATE UNIQUE INDEX "index_neighborhood_on_name_and_city" ON "neighborhood" ("name", "city") /*application='WebtechRoomies'*/[0m
  [1m[36mTRANSACTION (0.2ms)[0m  [1m[31mROLLBACK /*application='WebtechRoomies'*/[0m
  [1m[35m (0.3ms)[0m  [1m[34mSELECT pg_advisory_unlock(752344604101426980) /*application='WebtechRoomies'*/[0m
Using vips to process variants requires the libvips library. Please install libvips using the instructions on the libvips website.
  [1m[35m (0.2ms)[0m  [1m[34mSELECT pg_try_advisory_lock(752344604101426980) /*application='WebtechRoomies'*/[0m
  [1m[36mActiveRecord::SchemaMigration Load (0.6ms)[0m  [1m[34mSELECT "schema_migrations"."version" FROM "schema_migrations" ORDER BY "schema_migrations"."version" ASC /*application='WebtechRoomies'*/[0m
  [1m[36mActiveRecord::InternalMetadata Load (8.9ms)[0m  [1m[34mSELECT * FROM "ar_internal_metadata" WHERE "ar_internal_metadata"."key" = 'environment' ORDER BY "ar_internal_metadata"."key" ASC LIMIT 1 /*application='WebtechRoomies'*/[0m
Migrating to CreateNeighborhood (20261004191923)
  [1m[36mTRANSACTION (0.2ms)[0m  [1m[35mBEGIN /*application='WebtechRoomies'*/[0m
  [1m[35m (4.2ms)[0m  [1m[35mCREATE TABLE "neighborhoods" ("id" bigserial primary key, "name" character varying NOT NULL, "city" character varying NOT NULL, "created_at" timestamp(6) NOT NULL, "updated_at" timestamp(6) NOT NULL) /*application='WebtechRoomies'*/[0m
  [1m[35m (0.7ms)[0m  [1m[35mCREATE UNIQUE INDEX "index_neighborhoods_on_name_and_city" ON "neighborhoods" ("name", "city") /*application='WebtechRoomies'*/[0m
  [1m[36mActiveRecord::SchemaMigration Create (0.6ms)[0m  [1m[32mINSERT INTO "schema_migrations" ("version") VALUES ('20261004191923') RETURNING "version" /*application='WebtechRoomies'*/[0m
  [1m[36mTRANSACTION (1.5ms)[0m  [1m[35mCOMMIT /*application='WebtechRoomies'*/[0m
Migrating to CreateAmenity (20261004191944)
  [1m[36mTRANSACTION (0.2ms)[0m  [1m[35mBEGIN /*application='WebtechRoomies'*/[0m
  [1m[35m (3.6ms)[0m  [1m[35mCREATE TABLE "amenities" ("id" bigserial primary key, "name" character varying NOT NULL, "category" character varying NOT NULL, "created_at" timestamp(6) NOT NULL, "updated_at" timestamp(6) NOT NULL) /*application='WebtechRoomies'*/[0m
  [1m[36mActiveRecord::SchemaMigration Create (0.3ms)[0m  [1m[32mINSERT INTO "schema_migrations" ("version") VALUES ('20261004191944') RETURNING "version" /*application='WebtechRoomies'*/[0m
  [1m[36mTRANSACTION (3.0ms)[0m  [1m[35mCOMMIT /*application='WebtechRoomies'*/[0m
Migrating to CreateUser (20261004192001)
  [1m[35m (0.4ms)[0m  [1m[34mSELECT pg_advisory_unlock(752344604101426980) /*application='WebtechRoomies'*/[0m
Using vips to process variants requires the libvips library. Please install libvips using the instructions on the libvips website.
  [1m[36mActiveRecord::SchemaMigration Load (1.0ms)[0m  [1m[34mSELECT "schema_migrations"."version" FROM "schema_migrations" ORDER BY "schema_migrations"."version" ASC /*application='WebtechRoomies'*/[0m
  [1m[36mActiveRecord::InternalMetadata Load (1.3ms)[0m  [1m[34mSELECT * FROM "ar_internal_metadata" WHERE "ar_internal_metadata"."key" = 'environment' ORDER BY "ar_internal_metadata"."key" ASC LIMIT 1 /*application='WebtechRoomies'*/[0m
  [1m[36mActiveRecord::SchemaMigration Load (0.2ms)[0m  [1m[34mSELECT "schema_migrations"."version" FROM "schema_migrations" ORDER BY "schema_migrations"."version" ASC /*application='WebtechRoomies'*/[0m
  [1m[36mActiveRecord::InternalMetadata Load (0.2ms)[0m  [1m[34mSELECT * FROM "ar_internal_metadata" WHERE "ar_internal_metadata"."key" = 'environment' ORDER BY "ar_internal_metadata"."key" ASC LIMIT 1 /*application='WebtechRoomies'*/[0m
  [1m[36mActiveRecord::SchemaMigration Load (0.2ms)[0m  [1m[34mSELECT "schema_migrations"."version" FROM "schema_migrations" ORDER BY "schema_migrations"."version" ASC /*application='WebtechRoomies'*/[0m
  [1m[36mActiveRecord::InternalMetadata Load (0.2ms)[0m  [1m[34mSELECT * FROM "ar_internal_metadata" WHERE "ar_internal_metadata"."key" = 'environment' ORDER BY "ar_internal_metadata"."key" ASC LIMIT 1 /*application='WebtechRoomies'*/[0m
  [1m[35mSQL (0.1ms)[0m  [1m[35mSET search_path TO public /*application='WebtechRoomies'*/[0m
  [1m[35m (192.0ms)[0m  [1m[35mDROP DATABASE IF EXISTS "webtech_roomies_development" /*application='WebtechRoomies'*/[0m
  [1m[35mSQL (0.1ms)[0m  [1m[35mSET search_path TO public /*application='WebtechRoomies'*/[0m
  [1m[35m (42.5ms)[0m  [1m[35mDROP DATABASE IF EXISTS "webtech_roomies_test" /*application='WebtechRoomies'*/[0m
  [1m[35mSQL (0.2ms)[0m  [1m[35mSET search_path TO public /*application='WebtechRoomies'*/[0m
  [1m[35m (56.1ms)[0m  [1m[35mCREATE DATABASE "webtech_roomies_development" ENCODING = 'unicode' /*application='WebtechRoomies'*/[0m
  [1m[35mSQL (0.2ms)[0m  [1m[35mSET search_path TO public /*application='WebtechRoomies'*/[0m
  [1m[35m (50.6ms)[0m  [1m[35mCREATE DATABASE "webtech_roomies_test" ENCODING = 'unicode' /*application='WebtechRoomies'*/[0m
  [1m[35m (5.7ms)[0m  [1m[35mCREATE TABLE "schema_migrations" ("version" character varying NOT NULL PRIMARY KEY) /*application='WebtechRoomies'*/[0m
  [1m[35m (2.6ms)[0m  [1m[35mCREATE TABLE "ar_internal_metadata" ("key" character varying NOT NULL PRIMARY KEY, "value" character varying, "created_at" timestamp(6) NOT NULL, "updated_at" timestamp(6) NOT NULL) /*application='WebtechRoomies'*/[0m
  [1m[35m (0.2ms)[0m  [1m[34mSELECT pg_try_advisory_lock(752344604101426980) /*application='WebtechRoomies'*/[0m
  [1m[36mActiveRecord::SchemaMigration Load (0.8ms)[0m  [1m[34mSELECT "schema_migrations"."version" FROM "schema_migrations" ORDER BY "schema_migrations"."version" ASC /*application='WebtechRoomies'*/[0m
  [1m[36mActiveRecord::InternalMetadata Load (0.5ms)[0m  [1m[34mSELECT * FROM "ar_internal_metadata" WHERE "ar_internal_metadata"."key" = 'environment' ORDER BY "ar_internal_metadata"."key" ASC LIMIT 1 /*application='WebtechRoomies'*/[0m
  [1m[36mActiveRecord::InternalMetadata Create (1.8ms)[0m  [1m[32mINSERT INTO "ar_internal_metadata" ("key", "value", "created_at", "updated_at") VALUES ('environment', 'development', '2026-10-04 20:52:17.832712', '2026-10-04 20:52:17.832715') RETURNING "key" /*application='WebtechRoomies'*/[0m
Migrating to CreateNeighborhood (20261004191923)
  [1m[36mTRANSACTION (0.3ms)[0m  [1m[35mBEGIN /*application='WebtechRoomies'*/[0m
  [1m[35m (4.3ms)[0m  [1m[35mCREATE TABLE "neighborhoods" ("id" bigserial primary key, "name" character varying NOT NULL, "city" character varying NOT NULL) /*application='WebtechRoomies'*/[0m
  [1m[35m (0.7ms)[0m  [1m[35mCREATE UNIQUE INDEX "index_neighborhoods_on_name_and_city" ON "neighborhoods" ("name", "city") /*application='WebtechRoomies'*/[0m
  [1m[36mActiveRecord::SchemaMigration Create (0.5ms)[0m  [1m[32mINSERT INTO "schema_migrations" ("version") VALUES ('20261004191923') RETURNING "version" /*application='WebtechRoomies'*/[0m
  [1m[36mTRANSACTION (1.4ms)[0m  [1m[35mCOMMIT /*application='WebtechRoomies'*/[0m
Migrating to CreateAmenity (20261004191944)
  [1m[36mTRANSACTION (0.2ms)[0m  [1m[35mBEGIN /*application='WebtechRoomies'*/[0m
  [1m[35m (2.8ms)[0m  [1m[35mCREATE TABLE "amenities" ("id" bigserial primary key, "name" character varying NOT NULL, "category" character varying NOT NULL) /*application='WebtechRoomies'*/[0m
  [1m[36mActiveRecord::SchemaMigration Create (0.3ms)[0m  [1m[32mINSERT INTO "schema_migrations" ("version") VALUES ('20261004191944') RETURNING "version" /*application='WebtechRoomies'*/[0m
  [1m[36mTRANSACTION (1.4ms)[0m  [1m[35mCOMMIT /*application='WebtechRoomies'*/[0m
Migrating to CreateUser (20261004192001)
  [1m[36mTRANSACTION (0.2ms)[0m  [1m[35mBEGIN /*application='WebtechRoomies'*/[0m
  [1m[35m (1.3ms)[0m  [1m[35mCREATE TABLE "users" ("id" bigserial primary key, "email" character varying NOT NULL, "password_hash" character varying NOT NULL, "full_name" character varying NOT NULL, "phone" character varying, "role" character varying DEFAULT 'member' NOT NULL, "created_at" timestamp(6) NOT NULL) /*application='WebtechRoomies'*/[0m
  [1m[35m (0.6ms)[0m  [1m[35mCREATE UNIQUE INDEX "index_users_on_email" ON "users" ("email") /*application='WebtechRoomies'*/[0m
  [1m[36mActiveRecord::SchemaMigration Create (0.3ms)[0m  [1m[32mINSERT INTO "schema_migrations" ("version") VALUES ('20261004192001') RETURNING "version" /*application='WebtechRoomies'*/[0m
  [1m[36mTRANSACTION (1.5ms)[0m  [1m[35mCOMMIT /*application='WebtechRoomies'*/[0m
Migrating to CreateProperty (20261004192002)
  [1m[35m (0.3ms)[0m  [1m[34mSELECT pg_advisory_unlock(752344604101426980) /*application='WebtechRoomies'*/[0m
Using vips to process variants requires the libvips library. Please install libvips using the instructions on the libvips website.
  [1m[36mActiveRecord::SchemaMigration Load (0.9ms)[0m  [1m[34mSELECT "schema_migrations"."version" FROM "schema_migrations" ORDER BY "schema_migrations"."version" ASC /*application='WebtechRoomies'*/[0m
Using vips to process variants requires the libvips library. Please install libvips using the instructions on the libvips website.
  [1m[36mActiveRecord::SchemaMigration Load (0.6ms)[0m  [1m[34mSELECT "schema_migrations"."version" FROM "schema_migrations" ORDER BY "schema_migrations"."version" ASC /*application='WebtechRoomies'*/[0m
  [1m[36mActiveRecord::InternalMetadata Load (1.3ms)[0m  [1m[34mSELECT * FROM "ar_internal_metadata" WHERE "ar_internal_metadata"."key" = 'environment' ORDER BY "ar_internal_metadata"."key" ASC LIMIT 1 /*application='WebtechRoomies'*/[0m
  [1m[36mActiveRecord::SchemaMigration Load (0.2ms)[0m  [1m[34mSELECT "schema_migrations"."version" FROM "schema_migrations" ORDER BY "schema_migrations"."version" ASC /*application='WebtechRoomies'*/[0m
  [1m[36mActiveRecord::InternalMetadata Load (0.4ms)[0m  [1m[34mSELECT * FROM "ar_internal_metadata" WHERE "ar_internal_metadata"."key" = 'environment' ORDER BY "ar_internal_metadata"."key" ASC LIMIT 1 /*application='WebtechRoomies'*/[0m
  [1m[36mActiveRecord::SchemaMigration Load (0.2ms)[0m  [1m[34mSELECT "schema_migrations"."version" FROM "schema_migrations" ORDER BY "schema_migrations"."version" ASC /*application='WebtechRoomies'*/[0m
  [1m[36mActiveRecord::InternalMetadata Load (0.2ms)[0m  [1m[34mSELECT * FROM "ar_internal_metadata" WHERE "ar_internal_metadata"."key" = 'environment' ORDER BY "ar_internal_metadata"."key" ASC LIMIT 1 /*application='WebtechRoomies'*/[0m
  [1m[35mSQL (0.1ms)[0m  [1m[35mSET search_path TO public /*application='WebtechRoomies'*/[0m
  [1m[35m (195.8ms)[0m  [1m[35mDROP DATABASE IF EXISTS "webtech_roomies_development" /*application='WebtechRoomies'*/[0m
  [1m[35mSQL (0.1ms)[0m  [1m[35mSET search_path TO public /*application='WebtechRoomies'*/[0m
  [1m[35m (47.7ms)[0m  [1m[35mDROP DATABASE IF EXISTS "webtech_roomies_test" /*application='WebtechRoomies'*/[0m
  [1m[35mSQL (0.1ms)[0m  [1m[35mSET search_path TO public /*application='WebtechRoomies'*/[0m
  [1m[35m (54.7ms)[0m  [1m[35mCREATE DATABASE "webtech_roomies_development" ENCODING = 'unicode' /*application='WebtechRoomies'*/[0m
  [1m[35mSQL (0.1ms)[0m  [1m[35mSET search_path TO public /*application='WebtechRoomies'*/[0m
  [1m[35m (55.0ms)[0m  [1m[35mCREATE DATABASE "webtech_roomies_test" ENCODING = 'unicode' /*application='WebtechRoomies'*/[0m
  [1m[35m (6.2ms)[0m  [1m[35mCREATE TABLE "schema_migrations" ("version" character varying NOT NULL PRIMARY KEY) /*application='WebtechRoomies'*/[0m
  [1m[35m (2.7ms)[0m  [1m[35mCREATE TABLE "ar_internal_metadata" ("key" character varying NOT NULL PRIMARY KEY, "value" character varying, "created_at" timestamp(6) NOT NULL, "updated_at" timestamp(6) NOT NULL) /*application='WebtechRoomies'*/[0m
  [1m[35m (0.3ms)[0m  [1m[34mSELECT pg_try_advisory_lock(752344604101426980) /*application='WebtechRoomies'*/[0m
  [1m[36mActiveRecord::SchemaMigration Load (0.7ms)[0m  [1m[34mSELECT "schema_migrations"."version" FROM "schema_migrations" ORDER BY "schema_migrations"."version" ASC /*application='WebtechRoomies'*/[0m
  [1m[36mActiveRecord::InternalMetadata Load (0.7ms)[0m  [1m[34mSELECT * FROM "ar_internal_metadata" WHERE "ar_internal_metadata"."key" = 'environment' ORDER BY "ar_internal_metadata"."key" ASC LIMIT 1 /*application='WebtechRoomies'*/[0m
  [1m[36mActiveRecord::InternalMetadata Create (1.5ms)[0m  [1m[32mINSERT INTO "ar_internal_metadata" ("key", "value", "created_at", "updated_at") VALUES ('environment', 'development', '2026-10-04 20:56:54.094674', '2026-10-04 20:56:54.094678') RETURNING "key" /*application='WebtechRoomies'*/[0m
Migrating to CreateNeighborhood (20261004191923)
  [1m[36mTRANSACTION (0.2ms)[0m  [1m[35mBEGIN /*application='WebtechRoomies'*/[0m
  [1m[35m (4.7ms)[0m  [1m[35mCREATE TABLE "neighborhoods" ("id" bigserial primary key, "name" character varying NOT NULL, "city" character varying NOT NULL) /*application='WebtechRoomies'*/[0m
  [1m[35m (0.5ms)[0m  [1m[35mCREATE UNIQUE INDEX "index_neighborhoods_on_name_and_city" ON "neighborhoods" ("name", "city") /*application='WebtechRoomies'*/[0m
  [1m[36mActiveRecord::SchemaMigration Create (0.3ms)[0m  [1m[32mINSERT INTO "schema_migrations" ("version") VALUES ('20261004191923') RETURNING "version" /*application='WebtechRoomies'*/[0m
  [1m[36mTRANSACTION (1.3ms)[0m  [1m[35mCOMMIT /*application='WebtechRoomies'*/[0m
Migrating to CreateAmenity (20261004191944)
  [1m[36mTRANSACTION (0.2ms)[0m  [1m[35mBEGIN /*application='WebtechRoomies'*/[0m
  [1m[35m (2.6ms)[0m  [1m[35mCREATE TABLE "amenities" ("id" bigserial primary key, "name" character varying NOT NULL, "category" character varying NOT NULL) /*application='WebtechRoomies'*/[0m
  [1m[36mActiveRecord::SchemaMigration Create (0.2ms)[0m  [1m[32mINSERT INTO "schema_migrations" ("version") VALUES ('20261004191944') RETURNING "version" /*application='WebtechRoomies'*/[0m
  [1m[36mTRANSACTION (1.3ms)[0m  [1m[35mCOMMIT /*application='WebtechRoomies'*/[0m
Migrating to CreateUser (20261004192001)
  [1m[36mTRANSACTION (0.2ms)[0m  [1m[35mBEGIN /*application='WebtechRoomies'*/[0m
  [1m[35m (1.3ms)[0m  [1m[35mCREATE TABLE "users" ("id" bigserial primary key, "email" character varying NOT NULL, "password_hash" character varying NOT NULL, "full_name" character varying NOT NULL, "phone" character varying, "role" character varying DEFAULT 'member' NOT NULL, "created_at" timestamp(6) NOT NULL) /*application='WebtechRoomies'*/[0m
  [1m[35m (0.4ms)[0m  [1m[35mCREATE UNIQUE INDEX "index_users_on_email" ON "users" ("email") /*application='WebtechRoomies'*/[0m
  [1m[36mActiveRecord::SchemaMigration Create (0.3ms)[0m  [1m[32mINSERT INTO "schema_migrations" ("version") VALUES ('20261004192001') RETURNING "version" /*application='WebtechRoomies'*/[0m
  [1m[36mTRANSACTION (1.6ms)[0m  [1m[35mCOMMIT /*application='WebtechRoomies'*/[0m
Migrating to CreateProperty (20261004192002)
  [1m[35m (0.5ms)[0m  [1m[34mSELECT pg_advisory_unlock(752344604101426980) /*application='WebtechRoomies'*/[0m
Using vips to process variants requires the libvips library. Please install libvips using the instructions on the libvips website.
  [1m[36mActiveRecord::SchemaMigration Load (1.2ms)[0m  [1m[34mSELECT "schema_migrations"."version" FROM "schema_migrations" ORDER BY "schema_migrations"."version" ASC /*application='WebtechRoomies'*/[0m
Using vips to process variants requires the libvips library. Please install libvips using the instructions on the libvips website.
  [1m[36mActiveRecord::SchemaMigration Load (0.7ms)[0m  [1m[34mSELECT "schema_migrations"."version" FROM "schema_migrations" ORDER BY "schema_migrations"."version" ASC /*application='WebtechRoomies'*/[0m
  [1m[36mActiveRecord::InternalMetadata Load (1.5ms)[0m  [1m[34mSELECT * FROM "ar_internal_metadata" WHERE "ar_internal_metadata"."key" = 'environment' ORDER BY "ar_internal_metadata"."key" ASC LIMIT 1 /*application='WebtechRoomies'*/[0m
  [1m[36mActiveRecord::SchemaMigration Load (0.2ms)[0m  [1m[34mSELECT "schema_migrations"."version" FROM "schema_migrations" ORDER BY "schema_migrations"."version" ASC /*application='WebtechRoomies'*/[0m
  [1m[36mActiveRecord::InternalMetadata Load (0.3ms)[0m  [1m[34mSELECT * FROM "ar_internal_metadata" WHERE "ar_internal_metadata"."key" = 'environment' ORDER BY "ar_internal_metadata"."key" ASC LIMIT 1 /*application='WebtechRoomies'*/[0m
  [1m[36mActiveRecord::SchemaMigration Load (0.2ms)[0m  [1m[34mSELECT "schema_migrations"."version" FROM "schema_migrations" ORDER BY "schema_migrations"."version" ASC /*application='WebtechRoomies'*/[0m
  [1m[36mActiveRecord::InternalMetadata Load (0.2ms)[0m  [1m[34mSELECT * FROM "ar_internal_metadata" WHERE "ar_internal_metadata"."key" = 'environment' ORDER BY "ar_internal_metadata"."key" ASC LIMIT 1 /*application='WebtechRoomies'*/[0m
  [1m[35mSQL (0.1ms)[0m  [1m[35mSET search_path TO public /*application='WebtechRoomies'*/[0m
  [1m[35m (198.3ms)[0m  [1m[35mDROP DATABASE IF EXISTS "webtech_roomies_development" /*application='WebtechRoomies'*/[0m
  [1m[35mSQL (0.1ms)[0m  [1m[35mSET search_path TO public /*application='WebtechRoomies'*/[0m
  [1m[35m (45.0ms)[0m  [1m[35mDROP DATABASE IF EXISTS "webtech_roomies_test" /*application='WebtechRoomies'*/[0m
  [1m[35mSQL (0.1ms)[0m  [1m[35mSET search_path TO public /*application='WebtechRoomies'*/[0m
  [1m[35m (52.9ms)[0m  [1m[35mCREATE DATABASE "webtech_roomies_development" ENCODING = 'unicode' /*application='WebtechRoomies'*/[0m
  [1m[35mSQL (0.1ms)[0m  [1m[35mSET search_path TO public /*application='WebtechRoomies'*/[0m
  [1m[35m (52.1ms)[0m  [1m[35mCREATE DATABASE "webtech_roomies_test" ENCODING = 'unicode' /*application='WebtechRoomies'*/[0m
  [1m[35m (7.2ms)[0m  [1m[35mCREATE TABLE "schema_migrations" ("version" character varying NOT NULL PRIMARY KEY) /*application='WebtechRoomies'*/[0m
  [1m[35m (2.5ms)[0m  [1m[35mCREATE TABLE "ar_internal_metadata" ("key" character varying NOT NULL PRIMARY KEY, "value" character varying, "created_at" timestamp(6) NOT NULL, "updated_at" timestamp(6) NOT NULL) /*application='WebtechRoomies'*/[0m
  [1m[35m (0.2ms)[0m  [1m[34mSELECT pg_try_advisory_lock(752344604101426980) /*application='WebtechRoomies'*/[0m
  [1m[36mActiveRecord::SchemaMigration Load (0.5ms)[0m  [1m[34mSELECT "schema_migrations"."version" FROM "schema_migrations" ORDER BY "schema_migrations"."version" ASC /*application='WebtechRoomies'*/[0m
  [1m[36mActiveRecord::InternalMetadata Load (0.5ms)[0m  [1m[34mSELECT * FROM "ar_internal_metadata" WHERE "ar_internal_metadata"."key" = 'environment' ORDER BY "ar_internal_metadata"."key" ASC LIMIT 1 /*application='WebtechRoomies'*/[0m
  [1m[36mActiveRecord::InternalMetadata Create (1.3ms)[0m  [1m[32mINSERT INTO "ar_internal_metadata" ("key", "value", "created_at", "updated_at") VALUES ('environment', 'development', '2026-10-04 20:58:15.891861', '2026-10-04 20:58:15.891864') RETURNING "key" /*application='WebtechRoomies'*/[0m
Migrating to CreateNeighborhood (20261004191923)
  [1m[36mTRANSACTION (0.2ms)[0m  [1m[35mBEGIN /*application='WebtechRoomies'*/[0m
  [1m[35m (4.3ms)[0m  [1m[35mCREATE TABLE "neighborhoods" ("id" bigserial primary key, "name" character varying NOT NULL, "city" character varying NOT NULL) /*application='WebtechRoomies'*/[0m
  [1m[35m (0.7ms)[0m  [1m[35mCREATE UNIQUE INDEX "index_neighborhoods_on_name_and_city" ON "neighborhoods" ("name", "city") /*application='WebtechRoomies'*/[0m
  [1m[36mActiveRecord::SchemaMigration Create (0.3ms)[0m  [1m[32mINSERT INTO "schema_migrations" ("version") VALUES ('20261004191923') RETURNING "version" /*application='WebtechRoomies'*/[0m
  [1m[36mTRANSACTION (1.3ms)[0m  [1m[35mCOMMIT /*application='WebtechRoomies'*/[0m
Migrating to CreateAmenity (20261004191944)
  [1m[36mTRANSACTION (0.3ms)[0m  [1m[35mBEGIN /*application='WebtechRoomies'*/[0m
  [1m[35m (2.7ms)[0m  [1m[35mCREATE TABLE "amenities" ("id" bigserial primary key, "name" character varying NOT NULL, "category" character varying NOT NULL) /*application='WebtechRoomies'*/[0m
  [1m[36mActiveRecord::SchemaMigration Create (0.2ms)[0m  [1m[32mINSERT INTO "schema_migrations" ("version") VALUES ('20261004191944') RETURNING "version" /*application='WebtechRoomies'*/[0m
  [1m[36mTRANSACTION (1.9ms)[0m  [1m[35mCOMMIT /*application='WebtechRoomies'*/[0m
Migrating to CreateUser (20261004192001)
  [1m[36mTRANSACTION (0.2ms)[0m  [1m[35mBEGIN /*application='WebtechRoomies'*/[0m
  [1m[35m (1.5ms)[0m  [1m[35mCREATE TABLE "users" ("id" bigserial primary key, "email" character varying NOT NULL, "password_hash" character varying NOT NULL, "full_name" character varying NOT NULL, "phone" character varying, "role" character varying DEFAULT 'member' NOT NULL, "created_at" timestamp(6) NOT NULL) /*application='WebtechRoomies'*/[0m
  [1m[35m (0.6ms)[0m  [1m[35mCREATE UNIQUE INDEX "index_users_on_email" ON "users" ("email") /*application='WebtechRoomies'*/[0m
  [1m[36mActiveRecord::SchemaMigration Create (0.3ms)[0m  [1m[32mINSERT INTO "schema_migrations" ("version") VALUES ('20261004192001') RETURNING "version" /*application='WebtechRoomies'*/[0m
  [1m[36mTRANSACTION (1.7ms)[0m  [1m[35mCOMMIT /*application='WebtechRoomies'*/[0m
Migrating to CreateProperty (20261004192002)
  [1m[35m (0.3ms)[0m  [1m[34mSELECT pg_advisory_unlock(752344604101426980) /*application='WebtechRoomies'*/[0m
Using vips to process variants requires the libvips library. Please install libvips using the instructions on the libvips website.
  [1m[36mActiveRecord::SchemaMigration Load (1.1ms)[0m  [1m[34mSELECT "schema_migrations"."version" FROM "schema_migrations" ORDER BY "schema_migrations"."version" ASC /*application='WebtechRoomies'*/[0m
  [1m[36mActiveRecord::InternalMetadata Load (1.3ms)[0m  [1m[34mSELECT * FROM "ar_internal_metadata" WHERE "ar_internal_metadata"."key" = 'environment' ORDER BY "ar_internal_metadata"."key" ASC LIMIT 1 /*application='WebtechRoomies'*/[0m
  [1m[36mActiveRecord::SchemaMigration Load (0.2ms)[0m  [1m[34mSELECT "schema_migrations"."version" FROM "schema_migrations" ORDER BY "schema_migrations"."version" ASC /*application='WebtechRoomies'*/[0m
  [1m[36mActiveRecord::InternalMetadata Load (0.4ms)[0m  [1m[34mSELECT * FROM "ar_internal_metadata" WHERE "ar_internal_metadata"."key" = 'environment' ORDER BY "ar_internal_metadata"."key" ASC LIMIT 1 /*application='WebtechRoomies'*/[0m
  [1m[36mActiveRecord::SchemaMigration Load (0.2ms)[0m  [1m[34mSELECT "schema_migrations"."version" FROM "schema_migrations" ORDER BY "schema_migrations"."version" ASC /*application='WebtechRoomies'*/[0m
  [1m[36mActiveRecord::InternalMetadata Load (0.2ms)[0m  [1m[34mSELECT * FROM "ar_internal_metadata" WHERE "ar_internal_metadata"."key" = 'environment' ORDER BY "ar_internal_metadata"."key" ASC LIMIT 1 /*application='WebtechRoomies'*/[0m
  [1m[35mSQL (0.1ms)[0m  [1m[35mSET search_path TO public /*application='WebtechRoomies'*/[0m
  [1m[35m (191.6ms)[0m  [1m[35mDROP DATABASE IF EXISTS "webtech_roomies_development" /*application='WebtechRoomies'*/[0m
  [1m[35mSQL (0.1ms)[0m  [1m[35mSET search_path TO public /*application='WebtechRoomies'*/[0m
  [1m[35m (47.0ms)[0m  [1m[35mDROP DATABASE IF EXISTS "webtech_roomies_test" /*application='WebtechRoomies'*/[0m
  [1m[35mSQL (0.1ms)[0m  [1m[35mSET search_path TO public /*application='WebtechRoomies'*/[0m
  [1m[35m (51.9ms)[0m  [1m[35mCREATE DATABASE "webtech_roomies_development" ENCODING = 'unicode' /*application='WebtechRoomies'*/[0m
  [1m[35mSQL (0.1ms)[0m  [1m[35mSET search_path TO public /*application='WebtechRoomies'*/[0m
  [1m[35m (54.3ms)[0m  [1m[35mCREATE DATABASE "webtech_roomies_test" ENCODING = 'unicode' /*application='WebtechRoomies'*/[0m
  [1m[35m (5.5ms)[0m  [1m[35mCREATE TABLE "schema_migrations" ("version" character varying NOT NULL PRIMARY KEY) /*application='WebtechRoomies'*/[0m
  [1m[35m (2.2ms)[0m  [1m[35mCREATE TABLE "ar_internal_metadata" ("key" character varying NOT NULL PRIMARY KEY, "value" character varying, "created_at" timestamp(6) NOT NULL, "updated_at" timestamp(6) NOT NULL) /*application='WebtechRoomies'*/[0m
  [1m[35m (0.2ms)[0m  [1m[34mSELECT pg_try_advisory_lock(752344604101426980) /*application='WebtechRoomies'*/[0m
  [1m[36mActiveRecord::SchemaMigration Load (0.4ms)[0m  [1m[34mSELECT "schema_migrations"."version" FROM "schema_migrations" ORDER BY "schema_migrations"."version" ASC /*application='WebtechRoomies'*/[0m
  [1m[36mActiveRecord::InternalMetadata Load (0.6ms)[0m  [1m[34mSELECT * FROM "ar_internal_metadata" WHERE "ar_internal_metadata"."key" = 'environment' ORDER BY "ar_internal_metadata"."key" ASC LIMIT 1 /*application='WebtechRoomies'*/[0m
  [1m[36mActiveRecord::InternalMetadata Create (1.4ms)[0m  [1m[32mINSERT INTO "ar_internal_metadata" ("key", "value", "created_at", "updated_at") VALUES ('environment', 'development', '2026-10-04 20:59:32.094240', '2026-10-04 20:59:32.094242') RETURNING "key" /*application='WebtechRoomies'*/[0m
Migrating to CreateNeighborhood (20261004191923)
  [1m[36mTRANSACTION (0.2ms)[0m  [1m[35mBEGIN /*application='WebtechRoomies'*/[0m
  [1m[35m (4.0ms)[0m  [1m[35mCREATE TABLE "neighborhoods" ("id" bigserial primary key, "name" character varying NOT NULL, "city" character varying NOT NULL) /*application='WebtechRoomies'*/[0m
  [1m[35m (0.5ms)[0m  [1m[35mCREATE UNIQUE INDEX "index_neighborhoods_on_name_and_city" ON "neighborhoods" ("name", "city") /*application='WebtechRoomies'*/[0m
  [1m[36mActiveRecord::SchemaMigration Create (0.5ms)[0m  [1m[32mINSERT INTO "schema_migrations" ("version") VALUES ('20261004191923') RETURNING "version" /*application='WebtechRoomies'*/[0m
  [1m[36mTRANSACTION (1.6ms)[0m  [1m[35mCOMMIT /*application='WebtechRoomies'*/[0m
Migrating to CreateAmenity (20261004191944)
  [1m[36mTRANSACTION (0.3ms)[0m  [1m[35mBEGIN /*application='WebtechRoomies'*/[0m
  [1m[35m (3.0ms)[0m  [1m[35mCREATE TABLE "amenities" ("id" bigserial primary key, "name" character varying NOT NULL, "category" character varying NOT NULL) /*application='WebtechRoomies'*/[0m
  [1m[36mActiveRecord::SchemaMigration Create (0.3ms)[0m  [1m[32mINSERT INTO "schema_migrations" ("version") VALUES ('20261004191944') RETURNING "version" /*application='WebtechRoomies'*/[0m
  [1m[36mTRANSACTION (1.4ms)[0m  [1m[35mCOMMIT /*application='WebtechRoomies'*/[0m
Migrating to CreateUser (20261004192001)
  [1m[36mTRANSACTION (0.2ms)[0m  [1m[35mBEGIN /*application='WebtechRoomies'*/[0m
  [1m[35m (1.5ms)[0m  [1m[35mCREATE TABLE "users" ("id" bigserial primary key, "email" character varying NOT NULL, "password_hash" character varying NOT NULL, "full_name" character varying NOT NULL, "phone" character varying, "role" character varying DEFAULT 'member' NOT NULL, "created_at" timestamp(6) NOT NULL) /*application='WebtechRoomies'*/[0m
  [1m[35m (0.4ms)[0m  [1m[35mCREATE UNIQUE INDEX "index_users_on_email" ON "users" ("email") /*application='WebtechRoomies'*/[0m
  [1m[36mActiveRecord::SchemaMigration Create (0.2ms)[0m  [1m[32mINSERT INTO "schema_migrations" ("version") VALUES ('20261004192001') RETURNING "version" /*application='WebtechRoomies'*/[0m
  [1m[36mTRANSACTION (1.4ms)[0m  [1m[35mCOMMIT /*application='WebtechRoomies'*/[0m
Migrating to CreateProperty (20261004192002)
  [1m[36mTRANSACTION (0.2ms)[0m  [1m[35mBEGIN /*application='WebtechRoomies'*/[0m
  [1m[35m (5.4ms)[0m  [1m[35mCREATE TABLE "properties" ("id" bigserial primary key, "owner_id" bigint NOT NULL, "neighborhood_id" bigint NOT NULL, "title" character varying NOT NULL, "address" character varying NOT NULL, "description" text, "bedrooms" integer NOT NULL, "bathrooms" integer NOT NULL, "shared_spaces" boolean DEFAULT TRUE, "created_at" timestamp(6) NOT NULL, CONSTRAINT "fk_rails_45d6dffcf8"
FOREIGN KEY ("owner_id")
  REFERENCES "users" ("id")
, CONSTRAINT "fk_rails_659aeb2874"
FOREIGN KEY ("neighborhood_id")
  REFERENCES "neighborhoods" ("id")
) /*application='WebtechRoomies'*/[0m
  [1m[35m (0.6ms)[0m  [1m[35mCREATE INDEX "index_properties_on_owner_id" ON "properties" ("owner_id") /*application='WebtechRoomies'*/[0m
  [1m[35m (0.4ms)[0m  [1m[35mCREATE INDEX "index_properties_on_neighborhood_id" ON "properties" ("neighborhood_id") /*application='WebtechRoomies'*/[0m
  [1m[36mActiveRecord::SchemaMigration Create (0.3ms)[0m  [1m[32mINSERT INTO "schema_migrations" ("version") VALUES ('20261004192002') RETURNING "version" /*application='WebtechRoomies'*/[0m
  [1m[36mTRANSACTION (1.5ms)[0m  [1m[35mCOMMIT /*application='WebtechRoomies'*/[0m
Migrating to CreatePropertyAmenity (20261004192003)
  [1m[36mTRANSACTION (0.2ms)[0m  [1m[35mBEGIN /*application='WebtechRoomies'*/[0m
  [1m[35m (2.4ms)[0m  [1m[35mCREATE TABLE "property_amenities" ("id" bigserial primary key, "property_id" bigint NOT NULL, "amenity_id" bigint NOT NULL, CONSTRAINT "fk_rails_e71b8c80fc"
FOREIGN KEY ("property_id")
  REFERENCES "properties" ("id")
, CONSTRAINT "fk_rails_f37dc1f85f"
FOREIGN KEY ("amenity_id")
  REFERENCES "amenities" ("id")
) /*application='WebtechRoomies'*/[0m
  [1m[35m (0.7ms)[0m  [1m[35mCREATE INDEX "index_property_amenities_on_property_id" ON "property_amenities" ("property_id") /*application='WebtechRoomies'*/[0m
  [1m[35m (0.5ms)[0m  [1m[35mCREATE INDEX "index_property_amenities_on_amenity_id" ON "property_amenities" ("amenity_id") /*application='WebtechRoomies'*/[0m
  [1m[36mActiveRecord::SchemaMigration Create (0.2ms)[0m  [1m[32mINSERT INTO "schema_migrations" ("version") VALUES ('20261004192003') RETURNING "version" /*application='WebtechRoomies'*/[0m
  [1m[36mTRANSACTION (1.5ms)[0m  [1m[35mCOMMIT /*application='WebtechRoomies'*/[0m
Migrating to CreateListing (20261004192004)
  [1m[36mTRANSACTION (0.2ms)[0m  [1m[35mBEGIN /*application='WebtechRoomies'*/[0m
  [1m[35m (1.9ms)[0m  [1m[35mCREATE TABLE "listings" ("id" bigserial primary key, "property_id" bigint NOT NULL, "title" character varying NOT NULL, "description" text, "monthly_rent" decimal NOT NULL, "status" character varying DEFAULT 'draft' NOT NULL, "created_at" timestamp(6) NOT NULL, CONSTRAINT "fk_rails_147f5eb13e"
FOREIGN KEY ("property_id")
  REFERENCES "properties" ("id")
) /*application='WebtechRoomies'*/[0m
  [1m[35m (0.6ms)[0m  [1m[35mCREATE INDEX "index_listings_on_property_id" ON "listings" ("property_id") /*application='WebtechRoomies'*/[0m
  [1m[36mActiveRecord::SchemaMigration Create (0.2ms)[0m  [1m[32mINSERT INTO "schema_migrations" ("version") VALUES ('20261004192004') RETURNING "version" /*application='WebtechRoomies'*/[0m
  [1m[36mTRANSACTION (1.5ms)[0m  [1m[35mCOMMIT /*application='WebtechRoomies'*/[0m
Migrating to CreateListingPhoto (20261004192005)
  [1m[36mTRANSACTION (0.2ms)[0m  [1m[35mBEGIN /*application='WebtechRoomies'*/[0m
  [1m[35m (1.7ms)[0m  [1m[35mCREATE TABLE "listing_photos" ("id" bigserial primary key, "listing_id" bigint NOT NULL, "image_url" integer NOT NULL, "is_main" boolean DEFAULT FALSE NOT NULL, CONSTRAINT "fk_rails_0f101060cd"
FOREIGN KEY ("listing_id")
  REFERENCES "listings" ("id")
) /*application='WebtechRoomies'*/[0m
  [1m[35m (0.4ms)[0m  [1m[35mCREATE INDEX "index_listing_photos_on_listing_id" ON "listing_photos" ("listing_id") /*application='WebtechRoomies'*/[0m
  [1m[36mActiveRecord::SchemaMigration Create (0.3ms)[0m  [1m[32mINSERT INTO "schema_migrations" ("version") VALUES ('20261004192005') RETURNING "version" /*application='WebtechRoomies'*/[0m
  [1m[36mTRANSACTION (1.9ms)[0m  [1m[35mCOMMIT /*application='WebtechRoomies'*/[0m
Migrating to CreateApplication (20261004192006)
  [1m[36mTRANSACTION (0.2ms)[0m  [1m[35mBEGIN /*application='WebtechRoomies'*/[0m
  [1m[35m (2.6ms)[0m  [1m[35mCREATE TABLE "applications" ("id" bigserial primary key, "listing_id" bigint NOT NULL, "applicant_id" bigint NOT NULL, "message" text, "status" character varying DEFAULT 'pending' NOT NULL, CONSTRAINT "fk_rails_2881ca5d4f"
FOREIGN KEY ("listing_id")
  REFERENCES "listing" ("id")
, CONSTRAINT "fk_rails_df32bd9671"
FOREIGN KEY ("applicant_id")
  REFERENCES "user" ("id")
) /*application='WebtechRoomies'*/[0m
  [1m[36mTRANSACTION (0.2ms)[0m  [1m[31mROLLBACK /*application='WebtechRoomies'*/[0m
  [1m[35m (0.3ms)[0m  [1m[34mSELECT pg_advisory_unlock(752344604101426980) /*application='WebtechRoomies'*/[0m
Using vips to process variants requires the libvips library. Please install libvips using the instructions on the libvips website.
  [1m[35m (0.3ms)[0m  [1m[34mSELECT pg_try_advisory_lock(752344604101426980) /*application='WebtechRoomies'*/[0m
  [1m[36mActiveRecord::SchemaMigration Load (1.5ms)[0m  [1m[34mSELECT "schema_migrations"."version" FROM "schema_migrations" ORDER BY "schema_migrations"."version" ASC /*application='WebtechRoomies'*/[0m
  [1m[36mActiveRecord::InternalMetadata Load (1.5ms)[0m  [1m[34mSELECT * FROM "ar_internal_metadata" WHERE "ar_internal_metadata"."key" = 'environment' ORDER BY "ar_internal_metadata"."key" ASC LIMIT 1 /*application='WebtechRoomies'*/[0m
Migrating to CreateApplication (20261004192006)
  [1m[36mTRANSACTION (0.3ms)[0m  [1m[35mBEGIN /*application='WebtechRoomies'*/[0m
  [1m[35m (11.7ms)[0m  [1m[35mCREATE TABLE "applications" ("id" bigserial primary key, "listing_id" bigint NOT NULL, "applicant_id" bigint NOT NULL, "message" text, "status" character varying DEFAULT 'pending' NOT NULL, CONSTRAINT "fk_rails_2881ca5d4f"
FOREIGN KEY ("listing_id")
  REFERENCES "listings" ("id")
, CONSTRAINT "fk_rails_df32bd9671"
FOREIGN KEY ("applicant_id")
  REFERENCES "user" ("id")
) /*application='WebtechRoomies'*/[0m
  [1m[36mTRANSACTION (0.3ms)[0m  [1m[31mROLLBACK /*application='WebtechRoomies'*/[0m
  [1m[35m (0.4ms)[0m  [1m[34mSELECT pg_advisory_unlock(752344604101426980) /*application='WebtechRoomies'*/[0m
Using vips to process variants requires the libvips library. Please install libvips using the instructions on the libvips website.
  [1m[35m (0.2ms)[0m  [1m[34mSELECT pg_try_advisory_lock(752344604101426980) /*application='WebtechRoomies'*/[0m
  [1m[36mActiveRecord::SchemaMigration Load (0.6ms)[0m  [1m[34mSELECT "schema_migrations"."version" FROM "schema_migrations" ORDER BY "schema_migrations"."version" ASC /*application='WebtechRoomies'*/[0m
  [1m[36mActiveRecord::InternalMetadata Load (1.7ms)[0m  [1m[34mSELECT * FROM "ar_internal_metadata" WHERE "ar_internal_metadata"."key" = 'environment' ORDER BY "ar_internal_metadata"."key" ASC LIMIT 1 /*application='WebtechRoomies'*/[0m
Migrating to CreateApplication (20261004192006)
  [1m[36mTRANSACTION (0.2ms)[0m  [1m[35mBEGIN /*application='WebtechRoomies'*/[0m
  [1m[35m (9.8ms)[0m  [1m[35mCREATE TABLE "applications" ("id" bigserial primary key, "listing_id" bigint NOT NULL, "applicant_id" bigint NOT NULL, "message" text, "status" character varying DEFAULT 'pending' NOT NULL, CONSTRAINT "fk_rails_2881ca5d4f"
FOREIGN KEY ("listing_id")
  REFERENCES "listings" ("id")
, CONSTRAINT "fk_rails_df32bd9671"
FOREIGN KEY ("applicant_id")
  REFERENCES "users" ("id")
) /*application='WebtechRoomies'*/[0m
  [1m[35m (0.9ms)[0m  [1m[35mCREATE INDEX "index_applications_on_listing_id" ON "applications" ("listing_id") /*application='WebtechRoomies'*/[0m
  [1m[35m (0.4ms)[0m  [1m[35mCREATE INDEX "index_applications_on_applicant_id" ON "applications" ("applicant_id") /*application='WebtechRoomies'*/[0m
  [1m[36mActiveRecord::SchemaMigration Create (0.2ms)[0m  [1m[32mINSERT INTO "schema_migrations" ("version") VALUES ('20261004192006') RETURNING "version" /*application='WebtechRoomies'*/[0m
  [1m[36mTRANSACTION (1.6ms)[0m  [1m[35mCOMMIT /*application='WebtechRoomies'*/[0m
Migrating to CreateSavedListing (20261004192007)
  [1m[36mTRANSACTION (0.2ms)[0m  [1m[35mBEGIN /*application='WebtechRoomies'*/[0m
  [1m[35m (2.6ms)[0m  [1m[35mCREATE TABLE "saved_listings" ("id" bigserial primary key, "user_id" bigint NOT NULL, "listing_id" bigint NOT NULL, "saved_at" timestamp(6) NOT NULL, CONSTRAINT "fk_rails_1a5b9f451a"
FOREIGN KEY ("user_id")
  REFERENCES "users" ("id")
, CONSTRAINT "fk_rails_63efe8ab53"
FOREIGN KEY ("listing_id")
  REFERENCES "listings" ("id")
) /*application='WebtechRoomies'*/[0m
  [1m[35m (0.6ms)[0m  [1m[35mCREATE INDEX "index_saved_listings_on_user_id" ON "saved_listings" ("user_id") /*application='WebtechRoomies'*/[0m
  [1m[35m (0.6ms)[0m  [1m[35mCREATE INDEX "index_saved_listings_on_listing_id" ON "saved_listings" ("listing_id") /*application='WebtechRoomies'*/[0m
  [1m[36mActiveRecord::SchemaMigration Create (0.3ms)[0m  [1m[32mINSERT INTO "schema_migrations" ("version") VALUES ('20261004192007') RETURNING "version" /*application='WebtechRoomies'*/[0m
  [1m[36mTRANSACTION (1.3ms)[0m  [1m[35mCOMMIT /*application='WebtechRoomies'*/[0m
Migrating to CreateReport (20261004192008)
  [1m[35m (0.3ms)[0m  [1m[34mSELECT pg_advisory_unlock(752344604101426980) /*application='WebtechRoomies'*/[0m
Using vips to process variants requires the libvips library. Please install libvips using the instructions on the libvips website.
  [1m[35m (0.2ms)[0m  [1m[34mSELECT pg_try_advisory_lock(752344604101426980) /*application='WebtechRoomies'*/[0m
  [1m[36mActiveRecord::SchemaMigration Load (0.7ms)[0m  [1m[34mSELECT "schema_migrations"."version" FROM "schema_migrations" ORDER BY "schema_migrations"."version" ASC /*application='WebtechRoomies'*/[0m
  [1m[36mActiveRecord::InternalMetadata Load (1.6ms)[0m  [1m[34mSELECT * FROM "ar_internal_metadata" WHERE "ar_internal_metadata"."key" = 'environment' ORDER BY "ar_internal_metadata"."key" ASC LIMIT 1 /*application='WebtechRoomies'*/[0m
Migrating to CreateReport (20261004192008)
  [1m[36mTRANSACTION (0.2ms)[0m  [1m[35mBEGIN /*application='WebtechRoomies'*/[0m
  [1m[35m (12.6ms)[0m  [1m[35mCREATE TABLE "reports" ("id" bigserial primary key, "reproter_id" bigint NOT NULL, "listing_id" bigint NOT NULL, "reason" text NOT NULL, "status" character varying NOT NULL, "moderator_id" bigint, "moderator_notes" text, "created_at" timestamp(6) NOT NULL, "reviewed_at" timestamp(6), CONSTRAINT "fk_rails_3c5411f358"
FOREIGN KEY ("reproter_id")
  REFERENCES "users" ("id")
, CONSTRAINT "fk_rails_2608b92ec4"
FOREIGN KEY ("listing_id")
  REFERENCES "listings" ("id")
, CONSTRAINT "fk_rails_cfe003e081"
FOREIGN KEY ("moderator_id")
  REFERENCES "users" ("id")
) /*application='WebtechRoomies'*/[0m
  [1m[35m (0.6ms)[0m  [1m[35mCREATE INDEX "index_reports_on_reproter_id" ON "reports" ("reproter_id") /*application='WebtechRoomies'*/[0m
  [1m[35m (0.5ms)[0m  [1m[35mCREATE INDEX "index_reports_on_listing_id" ON "reports" ("listing_id") /*application='WebtechRoomies'*/[0m
  [1m[35m (0.4ms)[0m  [1m[35mCREATE INDEX "index_reports_on_moderator_id" ON "reports" ("moderator_id") /*application='WebtechRoomies'*/[0m
  [1m[36mActiveRecord::SchemaMigration Create (0.4ms)[0m  [1m[32mINSERT INTO "schema_migrations" ("version") VALUES ('20261004192008') RETURNING "version" /*application='WebtechRoomies'*/[0m
  [1m[36mTRANSACTION (2.0ms)[0m  [1m[35mCOMMIT /*application='WebtechRoomies'*/[0m
Migrating to CreateVisit (20261004192009)
  [1m[36mTRANSACTION (0.3ms)[0m  [1m[35mBEGIN /*application='WebtechRoomies'*/[0m
  [1m[35m (3.4ms)[0m  [1m[35mCREATE TABLE "visits" ("id" bigserial primary key, "application_id" bigint NOT NULL, "scheduled_at" timestamp(6) NOT NULL, "status" character varying NOT NULL, "notes" text, CONSTRAINT "fk_rails_f5d2dde823"
FOREIGN KEY ("application_id")
  REFERENCES "applications" ("id")
) /*application='WebtechRoomies'*/[0m
  [1m[35m (0.4ms)[0m  [1m[35mCREATE INDEX "index_visits_on_application_id" ON "visits" ("application_id") /*application='WebtechRoomies'*/[0m
  [1m[36mActiveRecord::SchemaMigration Create (0.3ms)[0m  [1m[32mINSERT INTO "schema_migrations" ("version") VALUES ('20261004192009') RETURNING "version" /*application='WebtechRoomies'*/[0m
  [1m[36mTRANSACTION (1.6ms)[0m  [1m[35mCOMMIT /*application='WebtechRoomies'*/[0m
Migrating to CreateReview (20261004192010)
  [1m[36mTRANSACTION (0.2ms)[0m  [1m[35mBEGIN /*application='WebtechRoomies'*/[0m
  [1m[35m (5.0ms)[0m  [1m[35mCREATE TABLE "reviews" ("id" bigserial primary key, "visit_id" bigint, "reviewer_id" bigint NOT NULL, "property_id" bigint NOT NULL, "rating" integer NOT NULL, "comment" text, "created_at" timestamp(6) NOT NULL, CONSTRAINT "fk_rails_4477030b49"
FOREIGN KEY ("visit_id")
  REFERENCES "visits" ("id")
, CONSTRAINT "fk_rails_007031d9cb"
FOREIGN KEY ("reviewer_id")
  REFERENCES "users" ("id")
, CONSTRAINT "fk_rails_cb5be69465"
FOREIGN KEY ("property_id")
  REFERENCES "properties" ("id")
) /*application='WebtechRoomies'*/[0m
  [1m[35m (0.5ms)[0m  [1m[35mCREATE UNIQUE INDEX "index_reviews_on_visit_id" ON "reviews" ("visit_id") /*application='WebtechRoomies'*/[0m
  [1m[35m (0.4ms)[0m  [1m[35mCREATE INDEX "index_reviews_on_reviewer_id" ON "reviews" ("reviewer_id") /*application='WebtechRoomies'*/[0m
  [1m[35m (0.6ms)[0m  [1m[35mCREATE INDEX "index_reviews_on_property_id" ON "reviews" ("property_id") /*application='WebtechRoomies'*/[0m
  [1m[36mActiveRecord::SchemaMigration Create (0.3ms)[0m  [1m[32mINSERT INTO "schema_migrations" ("version") VALUES ('20261004192010') RETURNING "version" /*application='WebtechRoomies'*/[0m
  [1m[36mTRANSACTION (1.5ms)[0m  [1m[35mCOMMIT /*application='WebtechRoomies'*/[0m
  [1m[35m (0.3ms)[0m  [1m[34mSELECT pg_advisory_unlock(752344604101426980) /*application='WebtechRoomies'*/[0m
  [1m[36mActiveRecord::SchemaMigration Load (0.4ms)[0m  [1m[34mSELECT "schema_migrations"."version" FROM "schema_migrations" ORDER BY "schema_migrations"."version" ASC /*application='WebtechRoomies'*/[0m
  [1m[35mSQL (0.2ms)[0m  [1m[35mSET search_path TO public /*application='WebtechRoomies'*/[0m
  [1m[35mSQL (0.2ms)[0m  [1m[35mSET search_path TO "$user", public /*application='WebtechRoomies'*/[0m
  [1m[35mSQL (0.2ms)[0m  [1m[35mSET search_path TO public /*application='WebtechRoomies'*/[0m
  [1m[35mSQL (0.2ms)[0m  [1m[35mSET search_path TO "$user", public /*application='WebtechRoomies'*/[0m
Using vips to process variants requires the libvips library. Please install libvips using the instructions on the libvips website.
  [1m[36mActiveRecord::SchemaMigration Load (0.6ms)[0m  [1m[34mSELECT "schema_migrations"."version" FROM "schema_migrations" ORDER BY "schema_migrations"."version" ASC /*application='WebtechRoomies'*/[0m
Using vips to process variants requires the libvips library. Please install libvips using the instructions on the libvips website.
  [1m[36mActiveRecord::SchemaMigration Load (0.6ms)[0m  [1m[34mSELECT "schema_migrations"."version" FROM "schema_migrations" ORDER BY "schema_migrations"."version" ASC /*application='WebtechRoomies'*/[0m
  [1m[36mActiveRecord::InternalMetadata Load (0.5ms)[0m  [1m[34mSELECT * FROM "ar_internal_metadata" WHERE "ar_internal_metadata"."key" = 'environment' ORDER BY "ar_internal_metadata"."key" ASC LIMIT 1 /*application='WebtechRoomies'*/[0m
  [1m[36mActiveRecord::SchemaMigration Load (0.2ms)[0m  [1m[34mSELECT "schema_migrations"."version" FROM "schema_migrations" ORDER BY "schema_migrations"."version" ASC /*application='WebtechRoomies'*/[0m
  [1m[36mActiveRecord::InternalMetadata Load (0.2ms)[0m  [1m[34mSELECT * FROM "ar_internal_metadata" WHERE "ar_internal_metadata"."key" = 'environment' ORDER BY "ar_internal_metadata"."key" ASC LIMIT 1 /*application='WebtechRoomies'*/[0m
  [1m[36mActiveRecord::SchemaMigration Load (0.2ms)[0m  [1m[34mSELECT "schema_migrations"."version" FROM "schema_migrations" ORDER BY "schema_migrations"."version" ASC /*application='WebtechRoomies'*/[0m
  [1m[36mActiveRecord::InternalMetadata Load (0.3ms)[0m  [1m[34mSELECT * FROM "ar_internal_metadata" WHERE "ar_internal_metadata"."key" = 'environment' ORDER BY "ar_internal_metadata"."key" ASC LIMIT 1 /*application='WebtechRoomies'*/[0m
  [1m[35mSQL (0.1ms)[0m  [1m[35mSET search_path TO public /*application='WebtechRoomies'*/[0m
  [1m[35m (178.1ms)[0m  [1m[35mDROP DATABASE IF EXISTS "webtech_roomies_development" /*application='WebtechRoomies'*/[0m
  [1m[35mSQL (0.2ms)[0m  [1m[35mSET search_path TO public /*application='WebtechRoomies'*/[0m
  [1m[35m (41.0ms)[0m  [1m[35mDROP DATABASE IF EXISTS "webtech_roomies_test" /*application='WebtechRoomies'*/[0m
  [1m[35mSQL (0.1ms)[0m  [1m[35mSET search_path TO public /*application='WebtechRoomies'*/[0m
  [1m[35m (52.5ms)[0m  [1m[35mCREATE DATABASE "webtech_roomies_development" ENCODING = 'unicode' /*application='WebtechRoomies'*/[0m
  [1m[35mSQL (0.2ms)[0m  [1m[35mSET search_path TO public /*application='WebtechRoomies'*/[0m
  [1m[35m (49.3ms)[0m  [1m[35mCREATE DATABASE "webtech_roomies_test" ENCODING = 'unicode' /*application='WebtechRoomies'*/[0m
  [1m[35mSQL (0.9ms)[0m  [1m[35mCREATE EXTENSION IF NOT EXISTS "plpgsql" SCHEMA pg_catalog /*application='WebtechRoomies'*/[0m
  [1m[35m (0.2ms)[0m  [1m[35mDROP TABLE IF EXISTS "amenities" CASCADE /*application='WebtechRoomies'*/[0m
  [1m[35m (3.8ms)[0m  [1m[35mCREATE TABLE "amenities" ("id" bigserial primary key, "name" character varying NOT NULL, "category" character varying NOT NULL) /*application='WebtechRoomies'*/[0m
  [1m[35m (0.2ms)[0m  [1m[35mDROP TABLE IF EXISTS "applications" CASCADE /*application='WebtechRoomies'*/[0m
  [1m[35m (2.4ms)[0m  [1m[35mCREATE TABLE "applications" ("id" bigserial primary key, "listing_id" bigint NOT NULL, "applicant_id" bigint NOT NULL, "message" text, "status" character varying DEFAULT 'pending' NOT NULL) /*application='WebtechRoomies'*/[0m
  [1m[35m (1.8ms)[0m  [1m[35mCREATE INDEX "index_applications_on_applicant_id" ON "applications" ("applicant_id") /*application='WebtechRoomies'*/[0m
  [1m[35m (1.8ms)[0m  [1m[35mCREATE INDEX "index_applications_on_listing_id" ON "applications" ("listing_id") /*application='WebtechRoomies'*/[0m
  [1m[35m (0.2ms)[0m  [1m[35mDROP TABLE IF EXISTS "listing_photos" CASCADE /*application='WebtechRoomies'*/[0m
  [1m[35m (2.4ms)[0m  [1m[35mCREATE TABLE "listing_photos" ("id" bigserial primary key, "listing_id" bigint NOT NULL, "image_url" integer NOT NULL, "is_main" boolean DEFAULT FALSE NOT NULL) /*application='WebtechRoomies'*/[0m
  [1m[35m (1.9ms)[0m  [1m[35mCREATE INDEX "index_listing_photos_on_listing_id" ON "listing_photos" ("listing_id") /*application='WebtechRoomies'*/[0m
  [1m[35m (0.2ms)[0m  [1m[35mDROP TABLE IF EXISTS "listings" CASCADE /*application='WebtechRoomies'*/[0m
  [1m[35m (2.9ms)[0m  [1m[35mCREATE TABLE "listings" ("id" bigserial primary key, "property_id" bigint NOT NULL, "title" character varying NOT NULL, "description" text, "monthly_rent" decimal NOT NULL, "status" character varying DEFAULT 'draft' NOT NULL, "created_at" timestamp(6) NOT NULL) /*application='WebtechRoomies'*/[0m
  [1m[35m (1.3ms)[0m  [1m[35mCREATE INDEX "index_listings_on_property_id" ON "listings" ("property_id") /*application='WebtechRoomies'*/[0m
  [1m[35m (0.2ms)[0m  [1m[35mDROP TABLE IF EXISTS "neighborhoods" CASCADE /*application='WebtechRoomies'*/[0m
  [1m[35m (2.5ms)[0m  [1m[35mCREATE TABLE "neighborhoods" ("id" bigserial primary key, "name" character varying NOT NULL, "city" character varying NOT NULL) /*application='WebtechRoomies'*/[0m
  [1m[35m (1.6ms)[0m  [1m[35mCREATE UNIQUE INDEX "index_neighborhoods_on_name_and_city" ON "neighborhoods" ("name", "city") /*application='WebtechRoomies'*/[0m
  [1m[35m (0.2ms)[0m  [1m[35mDROP TABLE IF EXISTS "properties" CASCADE /*application='WebtechRoomies'*/[0m
  [1m[35m (3.0ms)[0m  [1m[35mCREATE TABLE "properties" ("id" bigserial primary key, "owner_id" bigint NOT NULL, "neighborhood_id" bigint NOT NULL, "title" character varying NOT NULL, "address" character varying NOT NULL, "description" text, "bedrooms" integer NOT NULL, "bathrooms" integer NOT NULL, "shared_spaces" boolean DEFAULT TRUE, "created_at" timestamp(6) NOT NULL) /*application='WebtechRoomies'*/[0m
  [1m[35m (1.5ms)[0m  [1m[35mCREATE INDEX "index_properties_on_neighborhood_id" ON "properties" ("neighborhood_id") /*application='WebtechRoomies'*/[0m
  [1m[35m (1.3ms)[0m  [1m[35mCREATE INDEX "index_properties_on_owner_id" ON "properties" ("owner_id") /*application='WebtechRoomies'*/[0m
  [1m[35m (0.2ms)[0m  [1m[35mDROP TABLE IF EXISTS "property_amenities" CASCADE /*application='WebtechRoomies'*/[0m
  [1m[35m (2.2ms)[0m  [1m[35mCREATE TABLE "property_amenities" ("id" bigserial primary key, "property_id" bigint NOT NULL, "amenity_id" bigint NOT NULL) /*application='WebtechRoomies'*/[0m
  [1m[35m (1.9ms)[0m  [1m[35mCREATE INDEX "index_property_amenities_on_amenity_id" ON "property_amenities" ("amenity_id") /*application='WebtechRoomies'*/[0m
  [1m[35m (1.5ms)[0m  [1m[35mCREATE INDEX "index_property_amenities_on_property_id" ON "property_amenities" ("property_id") /*application='WebtechRoomies'*/[0m
  [1m[35m (0.2ms)[0m  [1m[35mDROP TABLE IF EXISTS "reports" CASCADE /*application='WebtechRoomies'*/[0m
  [1m[35m (2.7ms)[0m  [1m[35mCREATE TABLE "reports" ("id" bigserial primary key, "reproter_id" bigint NOT NULL, "listing_id" bigint NOT NULL, "reason" text NOT NULL, "status" character varying NOT NULL, "moderator_id" bigint, "moderator_notes" text, "created_at" timestamp(6) NOT NULL, "reviewed_at" timestamp(6)) /*application='WebtechRoomies'*/[0m
  [1m[35m (1.4ms)[0m  [1m[35mCREATE INDEX "index_reports_on_listing_id" ON "reports" ("listing_id") /*application='WebtechRoomies'*/[0m
  [1m[35m (1.6ms)[0m  [1m[35mCREATE INDEX "index_reports_on_moderator_id" ON "reports" ("moderator_id") /*application='WebtechRoomies'*/[0m
  [1m[35m (1.5ms)[0m  [1m[35mCREATE INDEX "index_reports_on_reproter_id" ON "reports" ("reproter_id") /*application='WebtechRoomies'*/[0m
  [1m[35m (0.2ms)[0m  [1m[35mDROP TABLE IF EXISTS "reviews" CASCADE /*application='WebtechRoomies'*/[0m
  [1m[35m (2.4ms)[0m  [1m[35mCREATE TABLE "reviews" ("id" bigserial primary key, "visit_id" bigint, "reviewer_id" bigint NOT NULL, "property_id" bigint NOT NULL, "rating" integer NOT NULL, "comment" text, "created_at" timestamp(6) NOT NULL) /*application='WebtechRoomies'*/[0m
  [1m[35m (1.5ms)[0m  [1m[35mCREATE INDEX "index_reviews_on_property_id" ON "reviews" ("property_id") /*application='WebtechRoomies'*/[0m
  [1m[35m (1.4ms)[0m  [1m[35mCREATE INDEX "index_reviews_on_reviewer_id" ON "reviews" ("reviewer_id") /*application='WebtechRoomies'*/[0m
  [1m[35m (1.6ms)[0m  [1m[35mCREATE UNIQUE INDEX "index_reviews_on_visit_id" ON "reviews" ("visit_id") /*application='WebtechRoomies'*/[0m
  [1m[35m (0.2ms)[0m  [1m[35mDROP TABLE IF EXISTS "saved_listings" CASCADE /*application='WebtechRoomies'*/[0m
  [1m[35m (2.0ms)[0m  [1m[35mCREATE TABLE "saved_listings" ("id" bigserial primary key, "user_id" bigint NOT NULL, "listing_id" bigint NOT NULL, "saved_at" timestamp(6) NOT NULL) /*application='WebtechRoomies'*/[0m
  [1m[35m (1.5ms)[0m  [1m[35mCREATE INDEX "index_saved_listings_on_listing_id" ON "saved_listings" ("listing_id") /*application='WebtechRoomies'*/[0m
  [1m[35m (1.5ms)[0m  [1m[35mCREATE INDEX "index_saved_listings_on_user_id" ON "saved_listings" ("user_id") /*application='WebtechRoomies'*/[0m
  [1m[35m (0.2ms)[0m  [1m[35mDROP TABLE IF EXISTS "users" CASCADE /*application='WebtechRoomies'*/[0m
  [1m[35m (2.7ms)[0m  [1m[35mCREATE TABLE "users" ("id" bigserial primary key, "email" character varying NOT NULL, "password_hash" character varying NOT NULL, "full_name" character varying NOT NULL, "phone" character varying, "role" character varying DEFAULT 'member' NOT NULL, "created_at" timestamp(6) NOT NULL) /*application='WebtechRoomies'*/[0m
  [1m[35m (1.5ms)[0m  [1m[35mCREATE UNIQUE INDEX "index_users_on_email" ON "users" ("email") /*application='WebtechRoomies'*/[0m
  [1m[35m (0.2ms)[0m  [1m[35mDROP TABLE IF EXISTS "visits" CASCADE /*application='WebtechRoomies'*/[0m
  [1m[35m (2.4ms)[0m  [1m[35mCREATE TABLE "visits" ("id" bigserial primary key, "application_id" bigint NOT NULL, "scheduled_at" timestamp(6) NOT NULL, "status" character varying NOT NULL, "notes" text) /*application='WebtechRoomies'*/[0m
  [1m[35m (1.6ms)[0m  [1m[35mCREATE INDEX "index_visits_on_application_id" ON "visits" ("application_id") /*application='WebtechRoomies'*/[0m
  [1m[35m (2.9ms)[0m  [1m[35mALTER TABLE "applications" ADD CONSTRAINT "fk_rails_2881ca5d4f"
FOREIGN KEY ("listing_id")
  REFERENCES "listings" ("id")
 /*application='WebtechRoomies'*/[0m
  [1m[35m (2.4ms)[0m  [1m[35mALTER TABLE "applications" ADD CONSTRAINT "fk_rails_df32bd9671"
FOREIGN KEY ("applicant_id")
  REFERENCES "users" ("id")
 /*application='WebtechRoomies'*/[0m
  [1m[35m (2.3ms)[0m  [1m[35mALTER TABLE "listing_photos" ADD CONSTRAINT "fk_rails_0f101060cd"
FOREIGN KEY ("listing_id")
  REFERENCES "listings" ("id")
 /*application='WebtechRoomies'*/[0m
  [1m[35m (2.1ms)[0m  [1m[35mALTER TABLE "listings" ADD CONSTRAINT "fk_rails_147f5eb13e"
FOREIGN KEY ("property_id")
  REFERENCES "properties" ("id")
 /*application='WebtechRoomies'*/[0m
  [1m[35m (1.9ms)[0m  [1m[35mALTER TABLE "properties" ADD CONSTRAINT "fk_rails_659aeb2874"
FOREIGN KEY ("neighborhood_id")
  REFERENCES "neighborhoods" ("id")
 /*application='WebtechRoomies'*/[0m
  [1m[35m (2.5ms)[0m  [1m[35mALTER TABLE "properties" ADD CONSTRAINT "fk_rails_45d6dffcf8"
FOREIGN KEY ("owner_id")
  REFERENCES "users" ("id")
 /*application='WebtechRoomies'*/[0m
  [1m[35m (2.5ms)[0m  [1m[35mALTER TABLE "property_amenities" ADD CONSTRAINT "fk_rails_f37dc1f85f"
FOREIGN KEY ("amenity_id")
  REFERENCES "amenities" ("id")
 /*application='WebtechRoomies'*/[0m
  [1m[35m (2.3ms)[0m  [1m[35mALTER TABLE "property_amenities" ADD CONSTRAINT "fk_rails_e71b8c80fc"
FOREIGN KEY ("property_id")
  REFERENCES "properties" ("id")
 /*application='WebtechRoomies'*/[0m
  [1m[35m (2.8ms)[0m  [1m[35mALTER TABLE "reports" ADD CONSTRAINT "fk_rails_2608b92ec4"
FOREIGN KEY ("listing_id")
  REFERENCES "listings" ("id")
 /*application='WebtechRoomies'*/[0m
  [1m[35m (2.3ms)[0m  [1m[35mALTER TABLE "reports" ADD CONSTRAINT "fk_rails_cfe003e081"
FOREIGN KEY ("moderator_id")
  REFERENCES "users" ("id")
 /*application='WebtechRoomies'*/[0m
  [1m[35m (2.3ms)[0m  [1m[35mALTER TABLE "reports" ADD CONSTRAINT "fk_rails_3c5411f358"
FOREIGN KEY ("reproter_id")
  REFERENCES "users" ("id")
 /*application='WebtechRoomies'*/[0m
  [1m[35m (2.2ms)[0m  [1m[35mALTER TABLE "reviews" ADD CONSTRAINT "fk_rails_cb5be69465"
FOREIGN KEY ("property_id")
  REFERENCES "properties" ("id")
 /*application='WebtechRoomies'*/[0m
  [1m[35m (2.2ms)[0m  [1m[35mALTER TABLE "reviews" ADD CONSTRAINT "fk_rails_007031d9cb"
FOREIGN KEY ("reviewer_id")
  REFERENCES "users" ("id")
 /*application='WebtechRoomies'*/[0m
  [1m[35m (1.8ms)[0m  [1m[35mALTER TABLE "reviews" ADD CONSTRAINT "fk_rails_4477030b49"
FOREIGN KEY ("visit_id")
  REFERENCES "visits" ("id")
 /*application='WebtechRoomies'*/[0m
  [1m[35m (2.5ms)[0m  [1m[35mALTER TABLE "saved_listings" ADD CONSTRAINT "fk_rails_63efe8ab53"
FOREIGN KEY ("listing_id")
  REFERENCES "listings" ("id")
 /*application='WebtechRoomies'*/[0m
  [1m[35m (1.9ms)[0m  [1m[35mALTER TABLE "saved_listings" ADD CONSTRAINT "fk_rails_1a5b9f451a"
FOREIGN KEY ("user_id")
  REFERENCES "users" ("id")
 /*application='WebtechRoomies'*/[0m
  [1m[35m (1.8ms)[0m  [1m[35mALTER TABLE "visits" ADD CONSTRAINT "fk_rails_f5d2dde823"
FOREIGN KEY ("application_id")
  REFERENCES "applications" ("id")
 /*application='WebtechRoomies'*/[0m
  [1m[35m (2.3ms)[0m  [1m[35mCREATE TABLE "schema_migrations" ("version" character varying NOT NULL PRIMARY KEY) /*application='WebtechRoomies'*/[0m
  [1m[36mActiveRecord::SchemaMigration Load (0.3ms)[0m  [1m[34mSELECT "schema_migrations"."version" FROM "schema_migrations" ORDER BY "schema_migrations"."version" ASC /*application='WebtechRoomies'*/[0m
  [1m[35m (1.8ms)[0m  [1m[32mINSERT INTO "schema_migrations" (version) VALUES (20261004192010) /*application='WebtechRoomies'*/[0m
  [1m[35m (1.6ms)[0m  [1m[32mINSERT INTO "schema_migrations" (version) VALUES
(20261004192009),
(20261004192008),
(20261004192007),
(20261004192006),
(20261004192005),
(20261004192004),
(20261004192003),
(20261004192002),
(20261004192001),
(20261004191944),
(20261004191923); /*application='WebtechRoomies'*/[0m
  [1m[35m (2.5ms)[0m  [1m[35mCREATE TABLE "ar_internal_metadata" ("key" character varying NOT NULL PRIMARY KEY, "value" character varying, "created_at" timestamp(6) NOT NULL, "updated_at" timestamp(6) NOT NULL) /*application='WebtechRoomies'*/[0m
  [1m[36mActiveRecord::InternalMetadata Load (0.7ms)[0m  [1m[34mSELECT * FROM "ar_internal_metadata" WHERE "ar_internal_metadata"."key" = 'environment' ORDER BY "ar_internal_metadata"."key" ASC LIMIT 1 /*application='WebtechRoomies'*/[0m
  [1m[36mActiveRecord::InternalMetadata Create (1.7ms)[0m  [1m[32mINSERT INTO "ar_internal_metadata" ("key", "value", "created_at", "updated_at") VALUES ('environment', 'development', '2026-10-04 21:06:58.513843', '2026-10-04 21:06:58.513846') RETURNING "key" /*application='WebtechRoomies'*/[0m
  [1m[36mActiveRecord::InternalMetadata Load (0.2ms)[0m  [1m[34mSELECT * FROM "ar_internal_metadata" WHERE "ar_internal_metadata"."key" = 'environment' ORDER BY "ar_internal_metadata"."key" ASC LIMIT 1 /*application='WebtechRoomies'*/[0m
  [1m[36mActiveRecord::InternalMetadata Load (0.2ms)[0m  [1m[34mSELECT * FROM "ar_internal_metadata" WHERE "ar_internal_metadata"."key" = 'schema_sha1' ORDER BY "ar_internal_metadata"."key" ASC LIMIT 1 /*application='WebtechRoomies'*/[0m
  [1m[36mActiveRecord::InternalMetadata Create (1.3ms)[0m  [1m[32mINSERT INTO "ar_internal_metadata" ("key", "value", "created_at", "updated_at") VALUES ('schema_sha1', '6c1a689985106cdf59db2558c1e7faa7033a751d', '2026-10-04 21:06:58.519648', '2026-10-04 21:06:58.519651') RETURNING "key" /*application='WebtechRoomies'*/[0m
  [1m[35m (0.1ms)[0m  [1m[34mSELECT pg_try_advisory_lock(752344604101426980) /*application='WebtechRoomies'*/[0m
  [1m[36mActiveRecord::SchemaMigration Load (0.2ms)[0m  [1m[34mSELECT "schema_migrations"."version" FROM "schema_migrations" ORDER BY "schema_migrations"."version" ASC /*application='WebtechRoomies'*/[0m
  [1m[36mActiveRecord::InternalMetadata Load (0.2ms)[0m  [1m[34mSELECT * FROM "ar_internal_metadata" WHERE "ar_internal_metadata"."key" = 'environment' ORDER BY "ar_internal_metadata"."key" ASC LIMIT 1 /*application='WebtechRoomies'*/[0m
  [1m[35m (0.2ms)[0m  [1m[34mSELECT pg_advisory_unlock(752344604101426980) /*application='WebtechRoomies'*/[0m
  [1m[36mActiveRecord::SchemaMigration Load (0.2ms)[0m  [1m[34mSELECT "schema_migrations"."version" FROM "schema_migrations" ORDER BY "schema_migrations"."version" ASC /*application='WebtechRoomies'*/[0m
  [1m[35mSQL (0.1ms)[0m  [1m[35mSET search_path TO public /*application='WebtechRoomies'*/[0m
  [1m[35mSQL (0.1ms)[0m  [1m[35mSET search_path TO "$user", public /*application='WebtechRoomies'*/[0m
  [1m[35mSQL (0.1ms)[0m  [1m[35mSET search_path TO public /*application='WebtechRoomies'*/[0m
  [1m[35mSQL (0.2ms)[0m  [1m[35mSET search_path TO "$user", public /*application='WebtechRoomies'*/[0m
Using vips to process variants requires the libvips library. Please install libvips using the instructions on the libvips website.
  [1m[36mActiveRecord::SchemaMigration Load (0.8ms)[0m  [1m[34mSELECT "schema_migrations"."version" FROM "schema_migrations" ORDER BY "schema_migrations"."version" ASC /*application='WebtechRoomies'*/[0m
  [1m[36mActiveRecord::InternalMetadata Load (0.6ms)[0m  [1m[34mSELECT * FROM "ar_internal_metadata" WHERE "ar_internal_metadata"."key" = 'environment' ORDER BY "ar_internal_metadata"."key" ASC LIMIT 1 /*application='WebtechRoomies'*/[0m
  [1m[36mActiveRecord::SchemaMigration Load (0.2ms)[0m  [1m[34mSELECT "schema_migrations"."version" FROM "schema_migrations" ORDER BY "schema_migrations"."version" ASC /*application='WebtechRoomies'*/[0m
  [1m[36mActiveRecord::InternalMetadata Load (0.2ms)[0m  [1m[34mSELECT * FROM "ar_internal_metadata" WHERE "ar_internal_metadata"."key" = 'environment' ORDER BY "ar_internal_metadata"."key" ASC LIMIT 1 /*application='WebtechRoomies'*/[0m
  [1m[36mActiveRecord::SchemaMigration Load (0.2ms)[0m  [1m[34mSELECT "schema_migrations"."version" FROM "schema_migrations" ORDER BY "schema_migrations"."version" ASC /*application='WebtechRoomies'*/[0m
  [1m[36mActiveRecord::InternalMetadata Load (0.4ms)[0m  [1m[34mSELECT * FROM "ar_internal_metadata" WHERE "ar_internal_metadata"."key" = 'environment' ORDER BY "ar_internal_metadata"."key" ASC LIMIT 1 /*application='WebtechRoomies'*/[0m
  [1m[35mSQL (0.1ms)[0m  [1m[35mSET search_path TO public /*application='WebtechRoomies'*/[0m
  [1m[35m (190.1ms)[0m  [1m[35mDROP DATABASE IF EXISTS "webtech_roomies_development" /*application='WebtechRoomies'*/[0m
  [1m[35mSQL (0.1ms)[0m  [1m[35mSET search_path TO public /*application='WebtechRoomies'*/[0m
  [1m[35m (43.9ms)[0m  [1m[35mDROP DATABASE IF EXISTS "webtech_roomies_test" /*application='WebtechRoomies'*/[0m
  [1m[35mSQL (0.4ms)[0m  [1m[35mSET search_path TO public /*application='WebtechRoomies'*/[0m
  [1m[35m (50.9ms)[0m  [1m[35mCREATE DATABASE "webtech_roomies_development" ENCODING = 'unicode' /*application='WebtechRoomies'*/[0m
  [1m[35mSQL (0.1ms)[0m  [1m[35mSET search_path TO public /*application='WebtechRoomies'*/[0m
  [1m[35m (52.4ms)[0m  [1m[35mCREATE DATABASE "webtech_roomies_test" ENCODING = 'unicode' /*application='WebtechRoomies'*/[0m
  [1m[35mSQL (0.3ms)[0m  [1m[35mCREATE EXTENSION IF NOT EXISTS "plpgsql" SCHEMA pg_catalog /*application='WebtechRoomies'*/[0m
  [1m[35m (0.2ms)[0m  [1m[35mDROP TABLE IF EXISTS "amenities" CASCADE /*application='WebtechRoomies'*/[0m
  [1m[35m (7.8ms)[0m  [1m[35mCREATE TABLE "amenities" ("id" bigserial primary key, "name" character varying NOT NULL, "category" character varying NOT NULL) /*application='WebtechRoomies'*/[0m
  [1m[35m (0.4ms)[0m  [1m[35mDROP TABLE IF EXISTS "applications" CASCADE /*application='WebtechRoomies'*/[0m
  [1m[35m (3.1ms)[0m  [1m[35mCREATE TABLE "applications" ("id" bigserial primary key, "listing_id" bigint NOT NULL, "applicant_id" bigint NOT NULL, "message" text, "status" character varying DEFAULT 'pending' NOT NULL) /*application='WebtechRoomies'*/[0m
  [1m[35m (2.4ms)[0m  [1m[35mCREATE INDEX "index_applications_on_applicant_id" ON "applications" ("applicant_id") /*application='WebtechRoomies'*/[0m
  [1m[35m (1.9ms)[0m  [1m[35mCREATE INDEX "index_applications_on_listing_id" ON "applications" ("listing_id") /*application='WebtechRoomies'*/[0m
  [1m[35m (0.3ms)[0m  [1m[35mDROP TABLE IF EXISTS "listing_photos" CASCADE /*application='WebtechRoomies'*/[0m
  [1m[35m (2.5ms)[0m  [1m[35mCREATE TABLE "listing_photos" ("id" bigserial primary key, "listing_id" bigint NOT NULL, "image_url" integer NOT NULL, "is_main" boolean DEFAULT FALSE NOT NULL) /*application='WebtechRoomies'*/[0m
  [1m[35m (2.0ms)[0m  [1m[35mCREATE INDEX "index_listing_photos_on_listing_id" ON "listing_photos" ("listing_id") /*application='WebtechRoomies'*/[0m
  [1m[35m (0.4ms)[0m  [1m[35mDROP TABLE IF EXISTS "listings" CASCADE /*application='WebtechRoomies'*/[0m
  [1m[35m (3.1ms)[0m  [1m[35mCREATE TABLE "listings" ("id" bigserial primary key, "property_id" bigint NOT NULL, "title" character varying NOT NULL, "description" text, "monthly_rent" decimal NOT NULL, "status" character varying DEFAULT 'draft' NOT NULL, "created_at" timestamp(6) NOT NULL) /*application='WebtechRoomies'*/[0m
  [1m[35m (1.6ms)[0m  [1m[35mCREATE INDEX "index_listings_on_property_id" ON "listings" ("property_id") /*application='WebtechRoomies'*/[0m
  [1m[35m (0.3ms)[0m  [1m[35mDROP TABLE IF EXISTS "neighborhoods" CASCADE /*application='WebtechRoomies'*/[0m
  [1m[35m (2.9ms)[0m  [1m[35mCREATE TABLE "neighborhoods" ("id" bigserial primary key, "name" character varying NOT NULL, "city" character varying NOT NULL) /*application='WebtechRoomies'*/[0m
  [1m[35m (2.1ms)[0m  [1m[35mCREATE UNIQUE INDEX "index_neighborhoods_on_name_and_city" ON "neighborhoods" ("name", "city") /*application='WebtechRoomies'*/[0m
  [1m[35m (0.2ms)[0m  [1m[35mDROP TABLE IF EXISTS "properties" CASCADE /*application='WebtechRoomies'*/[0m
  [1m[35m (3.4ms)[0m  [1m[35mCREATE TABLE "properties" ("id" bigserial primary key, "owner_id" bigint NOT NULL, "neighborhood_id" bigint NOT NULL, "title" character varying NOT NULL, "address" character varying NOT NULL, "description" text, "bedrooms" integer NOT NULL, "bathrooms" integer NOT NULL, "shared_spaces" boolean DEFAULT TRUE, "created_at" timestamp(6) NOT NULL) /*application='WebtechRoomies'*/[0m
  [1m[35m (2.0ms)[0m  [1m[35mCREATE INDEX "index_properties_on_neighborhood_id" ON "properties" ("neighborhood_id") /*application='WebtechRoomies'*/[0m
  [1m[35m (2.2ms)[0m  [1m[35mCREATE INDEX "index_properties_on_owner_id" ON "properties" ("owner_id") /*application='WebtechRoomies'*/[0m
  [1m[35m (0.3ms)[0m  [1m[35mDROP TABLE IF EXISTS "property_amenities" CASCADE /*application='WebtechRoomies'*/[0m
  [1m[35m (2.3ms)[0m  [1m[35mCREATE TABLE "property_amenities" ("id" bigserial primary key, "property_id" bigint NOT NULL, "amenity_id" bigint NOT NULL) /*application='WebtechRoomies'*/[0m
  [1m[35m (1.6ms)[0m  [1m[35mCREATE INDEX "index_property_amenities_on_amenity_id" ON "property_amenities" ("amenity_id") /*application='WebtechRoomies'*/[0m
  [1m[35m (2.0ms)[0m  [1m[35mCREATE INDEX "index_property_amenities_on_property_id" ON "property_amenities" ("property_id") /*application='WebtechRoomies'*/[0m
  [1m[35m (0.2ms)[0m  [1m[35mDROP TABLE IF EXISTS "reports" CASCADE /*application='WebtechRoomies'*/[0m
  [1m[35m (2.9ms)[0m  [1m[35mCREATE TABLE "reports" ("id" bigserial primary key, "reproter_id" bigint NOT NULL, "listing_id" bigint NOT NULL, "reason" text NOT NULL, "status" character varying NOT NULL, "moderator_id" bigint, "moderator_notes" text, "created_at" timestamp(6) NOT NULL, "reviewed_at" timestamp(6)) /*application='WebtechRoomies'*/[0m
  [1m[35m (2.4ms)[0m  [1m[35mCREATE INDEX "index_reports_on_listing_id" ON "reports" ("listing_id") /*application='WebtechRoomies'*/[0m
  [1m[35m (1.9ms)[0m  [1m[35mCREATE INDEX "index_reports_on_moderator_id" ON "reports" ("moderator_id") /*application='WebtechRoomies'*/[0m
  [1m[35m (2.2ms)[0m  [1m[35mCREATE INDEX "index_reports_on_reproter_id" ON "reports" ("reproter_id") /*application='WebtechRoomies'*/[0m
  [1m[35m (0.4ms)[0m  [1m[35mDROP TABLE IF EXISTS "reviews" CASCADE /*application='WebtechRoomies'*/[0m
  [1m[35m (2.7ms)[0m  [1m[35mCREATE TABLE "reviews" ("id" bigserial primary key, "visit_id" bigint, "reviewer_id" bigint NOT NULL, "property_id" bigint NOT NULL, "rating" integer NOT NULL, "comment" text, "created_at" timestamp(6) NOT NULL) /*application='WebtechRoomies'*/[0m
  [1m[35m (1.8ms)[0m  [1m[35mCREATE INDEX "index_reviews_on_property_id" ON "reviews" ("property_id") /*application='WebtechRoomies'*/[0m
  [1m[35m (2.2ms)[0m  [1m[35mCREATE INDEX "index_reviews_on_reviewer_id" ON "reviews" ("reviewer_id") /*application='WebtechRoomies'*/[0m
  [1m[35m (2.5ms)[0m  [1m[35mCREATE UNIQUE INDEX "index_reviews_on_visit_id" ON "reviews" ("visit_id") /*application='WebtechRoomies'*/[0m
  [1m[35m (0.4ms)[0m  [1m[35mDROP TABLE IF EXISTS "saved_listings" CASCADE /*application='WebtechRoomies'*/[0m
  [1m[35m (3.2ms)[0m  [1m[35mCREATE TABLE "saved_listings" ("id" bigserial primary key, "user_id" bigint NOT NULL, "listing_id" bigint NOT NULL, "saved_at" timestamp(6) NOT NULL) /*application='WebtechRoomies'*/[0m
  [1m[35m (2.2ms)[0m  [1m[35mCREATE INDEX "index_saved_listings_on_listing_id" ON "saved_listings" ("listing_id") /*application='WebtechRoomies'*/[0m
  [1m[35m (1.8ms)[0m  [1m[35mCREATE INDEX "index_saved_listings_on_user_id" ON "saved_listings" ("user_id") /*application='WebtechRoomies'*/[0m
  [1m[35m (0.3ms)[0m  [1m[35mDROP TABLE IF EXISTS "users" CASCADE /*application='WebtechRoomies'*/[0m
  [1m[35m (3.9ms)[0m  [1m[35mCREATE TABLE "users" ("id" bigserial primary key, "email" character varying NOT NULL, "password_hash" character varying NOT NULL, "full_name" character varying NOT NULL, "phone" character varying, "role" character varying DEFAULT 'member' NOT NULL, "created_at" timestamp(6) NOT NULL) /*application='WebtechRoomies'*/[0m
  [1m[35m (2.0ms)[0m  [1m[35mCREATE UNIQUE INDEX "index_users_on_email" ON "users" ("email") /*application='WebtechRoomies'*/[0m
  [1m[35m (0.3ms)[0m  [1m[35mDROP TABLE IF EXISTS "visits" CASCADE /*application='WebtechRoomies'*/[0m
  [1m[35m (2.9ms)[0m  [1m[35mCREATE TABLE "visits" ("id" bigserial primary key, "application_id" bigint NOT NULL, "scheduled_at" timestamp(6) NOT NULL, "status" character varying NOT NULL, "notes" text) /*application='WebtechRoomies'*/[0m
  [1m[35m (1.8ms)[0m  [1m[35mCREATE INDEX "index_visits_on_application_id" ON "visits" ("application_id") /*application='WebtechRoomies'*/[0m
  [1m[35m (2.7ms)[0m  [1m[35mALTER TABLE "applications" ADD CONSTRAINT "fk_rails_2881ca5d4f"
FOREIGN KEY ("listing_id")
  REFERENCES "listings" ("id")
 /*application='WebtechRoomies'*/[0m
  [1m[35m (2.7ms)[0m  [1m[35mALTER TABLE "applications" ADD CONSTRAINT "fk_rails_df32bd9671"
FOREIGN KEY ("applicant_id")
  REFERENCES "users" ("id")
 /*application='WebtechRoomies'*/[0m
  [1m[35m (2.2ms)[0m  [1m[35mALTER TABLE "listing_photos" ADD CONSTRAINT "fk_rails_0f101060cd"
FOREIGN KEY ("listing_id")
  REFERENCES "listings" ("id")
 /*application='WebtechRoomies'*/[0m
  [1m[35m (2.0ms)[0m  [1m[35mALTER TABLE "listings" ADD CONSTRAINT "fk_rails_147f5eb13e"
FOREIGN KEY ("property_id")
  REFERENCES "properties" ("id")
 /*application='WebtechRoomies'*/[0m
  [1m[35m (2.1ms)[0m  [1m[35mALTER TABLE "properties" ADD CONSTRAINT "fk_rails_659aeb2874"
FOREIGN KEY ("neighborhood_id")
  REFERENCES "neighborhoods" ("id")
 /*application='WebtechRoomies'*/[0m
  [1m[35m (3.0ms)[0m  [1m[35mALTER TABLE "properties" ADD CONSTRAINT "fk_rails_45d6dffcf8"
FOREIGN KEY ("owner_id")
  REFERENCES "users" ("id")
 /*application='WebtechRoomies'*/[0m
  [1m[35m (2.6ms)[0m  [1m[35mALTER TABLE "property_amenities" ADD CONSTRAINT "fk_rails_f37dc1f85f"
FOREIGN KEY ("amenity_id")
  REFERENCES "amenities" ("id")
 /*application='WebtechRoomies'*/[0m
  [1m[35m (1.8ms)[0m  [1m[35mALTER TABLE "property_amenities" ADD CONSTRAINT "fk_rails_e71b8c80fc"
FOREIGN KEY ("property_id")
  REFERENCES "properties" ("id")
 /*application='WebtechRoomies'*/[0m
  [1m[35m (2.0ms)[0m  [1m[35mALTER TABLE "reports" ADD CONSTRAINT "fk_rails_2608b92ec4"
FOREIGN KEY ("listing_id")
  REFERENCES "listings" ("id")
 /*application='WebtechRoomies'*/[0m
  [1m[35m (2.6ms)[0m  [1m[35mALTER TABLE "reports" ADD CONSTRAINT "fk_rails_cfe003e081"
FOREIGN KEY ("moderator_id")
  REFERENCES "users" ("id")
 /*application='WebtechRoomies'*/[0m
  [1m[35m (2.3ms)[0m  [1m[35mALTER TABLE "reports" ADD CONSTRAINT "fk_rails_3c5411f358"
FOREIGN KEY ("reproter_id")
  REFERENCES "users" ("id")
 /*application='WebtechRoomies'*/[0m
  [1m[35m (1.9ms)[0m  [1m[35mALTER TABLE "reviews" ADD CONSTRAINT "fk_rails_cb5be69465"
FOREIGN KEY ("property_id")
  REFERENCES "properties" ("id")
 /*application='WebtechRoomies'*/[0m
  [1m[35m (2.3ms)[0m  [1m[35mALTER TABLE "reviews" ADD CONSTRAINT "fk_rails_007031d9cb"
FOREIGN KEY ("reviewer_id")
  REFERENCES "users" ("id")
 /*application='WebtechRoomies'*/[0m
  [1m[35m (2.2ms)[0m  [1m[35mALTER TABLE "reviews" ADD CONSTRAINT "fk_rails_4477030b49"
FOREIGN KEY ("visit_id")
  REFERENCES "visits" ("id")
 /*application='WebtechRoomies'*/[0m
  [1m[35m (2.4ms)[0m  [1m[35mALTER TABLE "saved_listings" ADD CONSTRAINT "fk_rails_63efe8ab53"
FOREIGN KEY ("listing_id")
  REFERENCES "listings" ("id")
 /*application='WebtechRoomies'*/[0m
  [1m[35m (2.4ms)[0m  [1m[35mALTER TABLE "saved_listings" ADD CONSTRAINT "fk_rails_1a5b9f451a"
FOREIGN KEY ("user_id")
  REFERENCES "users" ("id")
 /*application='WebtechRoomies'*/[0m
  [1m[35m (2.1ms)[0m  [1m[35mALTER TABLE "visits" ADD CONSTRAINT "fk_rails_f5d2dde823"
FOREIGN KEY ("application_id")
  REFERENCES "applications" ("id")
 /*application='WebtechRoomies'*/[0m
  [1m[35m (3.0ms)[0m  [1m[35mCREATE TABLE "schema_migrations" ("version" character varying NOT NULL PRIMARY KEY) /*application='WebtechRoomies'*/[0m
  [1m[36mActiveRecord::SchemaMigration Load (0.4ms)[0m  [1m[34mSELECT "schema_migrations"."version" FROM "schema_migrations" ORDER BY "schema_migrations"."version" ASC /*application='WebtechRoomies'*/[0m
  [1m[35m (1.7ms)[0m  [1m[32mINSERT INTO "schema_migrations" (version) VALUES (20261004192010) /*application='WebtechRoomies'*/[0m
  [1m[35m (1.7ms)[0m  [1m[32mINSERT INTO "schema_migrations" (version) VALUES
(20261004192009),
(20261004192008),
(20261004192007),
(20261004192006),
(20261004192005),
(20261004192004),
(20261004192003),
(20261004192002),
(20261004192001),
(20261004191944),
(20261004191923); /*application='WebtechRoomies'*/[0m
  [1m[35m (3.2ms)[0m  [1m[35mCREATE TABLE "ar_internal_metadata" ("key" character varying NOT NULL PRIMARY KEY, "value" character varying, "created_at" timestamp(6) NOT NULL, "updated_at" timestamp(6) NOT NULL) /*application='WebtechRoomies'*/[0m
  [1m[36mActiveRecord::InternalMetadata Load (0.7ms)[0m  [1m[34mSELECT * FROM "ar_internal_metadata" WHERE "ar_internal_metadata"."key" = 'environment' ORDER BY "ar_internal_metadata"."key" ASC LIMIT 1 /*application='WebtechRoomies'*/[0m
  [1m[36mActiveRecord::InternalMetadata Create (1.7ms)[0m  [1m[32mINSERT INTO "ar_internal_metadata" ("key", "value", "created_at", "updated_at") VALUES ('environment', 'development', '2026-10-04 21:07:20.669751', '2026-10-04 21:07:20.669754') RETURNING "key" /*application='WebtechRoomies'*/[0m
  [1m[36mActiveRecord::InternalMetadata Load (0.3ms)[0m  [1m[34mSELECT * FROM "ar_internal_metadata" WHERE "ar_internal_metadata"."key" = 'environment' ORDER BY "ar_internal_metadata"."key" ASC LIMIT 1 /*application='WebtechRoomies'*/[0m
  [1m[36mActiveRecord::InternalMetadata Load (0.3ms)[0m  [1m[34mSELECT * FROM "ar_internal_metadata" WHERE "ar_internal_metadata"."key" = 'schema_sha1' ORDER BY "ar_internal_metadata"."key" ASC LIMIT 1 /*application='WebtechRoomies'*/[0m
  [1m[36mActiveRecord::InternalMetadata Create (1.5ms)[0m  [1m[32mINSERT INTO "ar_internal_metadata" ("key", "value", "created_at", "updated_at") VALUES ('schema_sha1', '6c1a689985106cdf59db2558c1e7faa7033a751d', '2026-10-04 21:07:20.676848', '2026-10-04 21:07:20.676850') RETURNING "key" /*application='WebtechRoomies'*/[0m
  [1m[35m (0.5ms)[0m  [1m[34mSELECT pg_try_advisory_lock(752344604101426980) /*application='WebtechRoomies'*/[0m
  [1m[36mActiveRecord::SchemaMigration Load (0.3ms)[0m  [1m[34mSELECT "schema_migrations"."version" FROM "schema_migrations" ORDER BY "schema_migrations"."version" ASC /*application='WebtechRoomies'*/[0m
  [1m[36mActiveRecord::InternalMetadata Load (0.4ms)[0m  [1m[34mSELECT * FROM "ar_internal_metadata" WHERE "ar_internal_metadata"."key" = 'environment' ORDER BY "ar_internal_metadata"."key" ASC LIMIT 1 /*application='WebtechRoomies'*/[0m
  [1m[35m (0.5ms)[0m  [1m[34mSELECT pg_advisory_unlock(752344604101426980) /*application='WebtechRoomies'*/[0m
  [1m[36mActiveRecord::SchemaMigration Load (0.2ms)[0m  [1m[34mSELECT "schema_migrations"."version" FROM "schema_migrations" ORDER BY "schema_migrations"."version" ASC /*application='WebtechRoomies'*/[0m
  [1m[35mSQL (0.2ms)[0m  [1m[35mSET search_path TO public /*application='WebtechRoomies'*/[0m
  [1m[35mSQL (0.2ms)[0m  [1m[35mSET search_path TO "$user", public /*application='WebtechRoomies'*/[0m
  [1m[35mSQL (0.2ms)[0m  [1m[35mSET search_path TO public /*application='WebtechRoomies'*/[0m
  [1m[35mSQL (0.2ms)[0m  [1m[35mSET search_path TO "$user", public /*application='WebtechRoomies'*/[0m
Using vips to process variants requires the libvips library. Please install libvips using the instructions on the libvips website.
  [1m[36mActiveRecord::SchemaMigration Load (0.5ms)[0m  [1m[34mSELECT "schema_migrations"."version" FROM "schema_migrations" ORDER BY "schema_migrations"."version" ASC /*application='WebtechRoomies'*/[0m
Using vips to process variants requires the libvips library. Please install libvips using the instructions on the libvips website.
  [1m[36mActiveRecord::SchemaMigration Load (0.8ms)[0m  [1m[34mSELECT "schema_migrations"."version" FROM "schema_migrations" ORDER BY "schema_migrations"."version" ASC /*application='WebtechRoomies'*/[0m
Using vips to process variants requires the libvips library. Please install libvips using the instructions on the libvips website.
  [1m[36mActiveRecord::SchemaMigration Load (1.0ms)[0m  [1m[34mSELECT "schema_migrations"."version" FROM "schema_migrations" ORDER BY "schema_migrations"."version" ASC /*application='WebtechRoomies'*/[0m
  [1m[36mActiveRecord::InternalMetadata Load (1.5ms)[0m  [1m[34mSELECT * FROM "ar_internal_metadata" WHERE "ar_internal_metadata"."key" = 'environment' ORDER BY "ar_internal_metadata"."key" ASC LIMIT 1 /*application='WebtechRoomies'*/[0m
  [1m[36mActiveRecord::SchemaMigration Load (0.3ms)[0m  [1m[34mSELECT "schema_migrations"."version" FROM "schema_migrations" ORDER BY "schema_migrations"."version" ASC /*application='WebtechRoomies'*/[0m
  [1m[36mActiveRecord::InternalMetadata Load (0.3ms)[0m  [1m[34mSELECT * FROM "ar_internal_metadata" WHERE "ar_internal_metadata"."key" = 'environment' ORDER BY "ar_internal_metadata"."key" ASC LIMIT 1 /*application='WebtechRoomies'*/[0m
  [1m[36mActiveRecord::SchemaMigration Load (0.2ms)[0m  [1m[34mSELECT "schema_migrations"."version" FROM "schema_migrations" ORDER BY "schema_migrations"."version" ASC /*application='WebtechRoomies'*/[0m
  [1m[36mActiveRecord::InternalMetadata Load (0.2ms)[0m  [1m[34mSELECT * FROM "ar_internal_metadata" WHERE "ar_internal_metadata"."key" = 'environment' ORDER BY "ar_internal_metadata"."key" ASC LIMIT 1 /*application='WebtechRoomies'*/[0m
  [1m[35mSQL (0.2ms)[0m  [1m[35mSET search_path TO public /*application='WebtechRoomies'*/[0m
  [1m[35m (47.1ms)[0m  [1m[35mDROP DATABASE IF EXISTS "webtech_roomies_development" /*application='WebtechRoomies'*/[0m
  [1m[35mSQL (0.2ms)[0m  [1m[35mSET search_path TO public /*application='WebtechRoomies'*/[0m
  [1m[35m (44.9ms)[0m  [1m[35mDROP DATABASE IF EXISTS "webtech_roomies_test" /*application='WebtechRoomies'*/[0m
  [1m[35mSQL (0.2ms)[0m  [1m[35mSET search_path TO public /*application='WebtechRoomies'*/[0m
  [1m[35m (70.4ms)[0m  [1m[35mCREATE DATABASE "webtech_roomies_development" ENCODING = 'unicode' /*application='WebtechRoomies'*/[0m
  [1m[35mSQL (0.2ms)[0m  [1m[35mSET search_path TO public /*application='WebtechRoomies'*/[0m
  [1m[35m (50.6ms)[0m  [1m[35mCREATE DATABASE "webtech_roomies_test" ENCODING = 'unicode' /*application='WebtechRoomies'*/[0m
  [1m[35mSQL (1.1ms)[0m  [1m[35mCREATE EXTENSION IF NOT EXISTS "plpgsql" SCHEMA pg_catalog /*application='WebtechRoomies'*/[0m
  [1m[35m (0.8ms)[0m  [1m[35mDROP TABLE IF EXISTS "amenities" CASCADE /*application='WebtechRoomies'*/[0m
  [1m[35m (6.0ms)[0m  [1m[35mCREATE TABLE "amenities" ("id" bigserial primary key, "name" character varying NOT NULL, "category" character varying NOT NULL) /*application='WebtechRoomies'*/[0m
  [1m[35m (0.3ms)[0m  [1m[35mDROP TABLE IF EXISTS "applications" CASCADE /*application='WebtechRoomies'*/[0m
  [1m[35m (2.3ms)[0m  [1m[35mCREATE TABLE "applications" ("id" bigserial primary key, "listing_id" bigint NOT NULL, "applicant_id" bigint NOT NULL, "message" text, "status" character varying DEFAULT 'pending' NOT NULL) /*application='WebtechRoomies'*/[0m
  [1m[35m (1.3ms)[0m  [1m[35mCREATE INDEX "index_applications_on_applicant_id" ON "applications" ("applicant_id") /*application='WebtechRoomies'*/[0m
  [1m[35m (1.7ms)[0m  [1m[35mCREATE INDEX "index_applications_on_listing_id" ON "applications" ("listing_id") /*application='WebtechRoomies'*/[0m
  [1m[35m (0.2ms)[0m  [1m[35mDROP TABLE IF EXISTS "listing_photos" CASCADE /*application='WebtechRoomies'*/[0m
  [1m[35m (2.2ms)[0m  [1m[35mCREATE TABLE "listing_photos" ("id" bigserial primary key, "listing_id" bigint NOT NULL, "image_url" integer NOT NULL, "is_main" boolean DEFAULT FALSE NOT NULL) /*application='WebtechRoomies'*/[0m
  [1m[35m (1.4ms)[0m  [1m[35mCREATE INDEX "index_listing_photos_on_listing_id" ON "listing_photos" ("listing_id") /*application='WebtechRoomies'*/[0m
  [1m[35m (0.2ms)[0m  [1m[35mDROP TABLE IF EXISTS "listings" CASCADE /*application='WebtechRoomies'*/[0m
  [1m[35m (2.4ms)[0m  [1m[35mCREATE TABLE "listings" ("id" bigserial primary key, "property_id" bigint NOT NULL, "title" character varying NOT NULL, "description" text, "monthly_rent" decimal NOT NULL, "status" character varying DEFAULT 'draft' NOT NULL, "created_at" timestamp(6) NOT NULL) /*application='WebtechRoomies'*/[0m
  [1m[35m (1.6ms)[0m  [1m[35mCREATE INDEX "index_listings_on_property_id" ON "listings" ("property_id") /*application='WebtechRoomies'*/[0m
  [1m[35m (0.2ms)[0m  [1m[35mDROP TABLE IF EXISTS "neighborhoods" CASCADE /*application='WebtechRoomies'*/[0m
  [1m[35m (2.1ms)[0m  [1m[35mCREATE TABLE "neighborhoods" ("id" bigserial primary key, "name" character varying NOT NULL, "city" character varying NOT NULL) /*application='WebtechRoomies'*/[0m
  [1m[35m (1.9ms)[0m  [1m[35mCREATE UNIQUE INDEX "index_neighborhoods_on_name_and_city" ON "neighborhoods" ("name", "city") /*application='WebtechRoomies'*/[0m
  [1m[35m (0.3ms)[0m  [1m[35mDROP TABLE IF EXISTS "properties" CASCADE /*application='WebtechRoomies'*/[0m
  [1m[35m (3.3ms)[0m  [1m[35mCREATE TABLE "properties" ("id" bigserial primary key, "owner_id" bigint NOT NULL, "neighborhood_id" bigint NOT NULL, "title" character varying NOT NULL, "address" character varying NOT NULL, "description" text, "bedrooms" integer NOT NULL, "bathrooms" integer NOT NULL, "shared_spaces" boolean DEFAULT TRUE, "created_at" timestamp(6) NOT NULL) /*application='WebtechRoomies'*/[0m
  [1m[35m (1.6ms)[0m  [1m[35mCREATE INDEX "index_properties_on_neighborhood_id" ON "properties" ("neighborhood_id") /*application='WebtechRoomies'*/[0m
  [1m[35m (1.7ms)[0m  [1m[35mCREATE INDEX "index_properties_on_owner_id" ON "properties" ("owner_id") /*application='WebtechRoomies'*/[0m
  [1m[35m (0.3ms)[0m  [1m[35mDROP TABLE IF EXISTS "property_amenities" CASCADE /*application='WebtechRoomies'*/[0m
  [1m[35m (2.0ms)[0m  [1m[35mCREATE TABLE "property_amenities" ("id" bigserial primary key, "property_id" bigint NOT NULL, "amenity_id" bigint NOT NULL) /*application='WebtechRoomies'*/[0m
  [1m[35m (1.6ms)[0m  [1m[35mCREATE INDEX "index_property_amenities_on_amenity_id" ON "property_amenities" ("amenity_id") /*application='WebtechRoomies'*/[0m
  [1m[35m (1.5ms)[0m  [1m[35mCREATE INDEX "index_property_amenities_on_property_id" ON "property_amenities" ("property_id") /*application='WebtechRoomies'*/[0m
  [1m[35m (0.2ms)[0m  [1m[35mDROP TABLE IF EXISTS "reports" CASCADE /*application='WebtechRoomies'*/[0m
  [1m[35m (2.8ms)[0m  [1m[35mCREATE TABLE "reports" ("id" bigserial primary key, "reproter_id" bigint NOT NULL, "listing_id" bigint NOT NULL, "reason" text NOT NULL, "status" character varying NOT NULL, "moderator_id" bigint, "moderator_notes" text, "created_at" timestamp(6) NOT NULL, "reviewed_at" timestamp(6)) /*application='WebtechRoomies'*/[0m
  [1m[35m (1.8ms)[0m  [1m[35mCREATE INDEX "index_reports_on_listing_id" ON "reports" ("listing_id") /*application='WebtechRoomies'*/[0m
  [1m[35m (1.4ms)[0m  [1m[35mCREATE INDEX "index_reports_on_moderator_id" ON "reports" ("moderator_id") /*application='WebtechRoomies'*/[0m
  [1m[35m (1.6ms)[0m  [1m[35mCREATE INDEX "index_reports_on_reproter_id" ON "reports" ("reproter_id") /*application='WebtechRoomies'*/[0m
  [1m[35m (0.3ms)[0m  [1m[35mDROP TABLE IF EXISTS "reviews" CASCADE /*application='WebtechRoomies'*/[0m
  [1m[35m (3.2ms)[0m  [1m[35mCREATE TABLE "reviews" ("id" bigserial primary key, "visit_id" bigint, "reviewer_id" bigint NOT NULL, "property_id" bigint NOT NULL, "rating" integer NOT NULL, "comment" text, "created_at" timestamp(6) NOT NULL) /*application='WebtechRoomies'*/[0m
  [1m[35m (1.8ms)[0m  [1m[35mCREATE INDEX "index_reviews_on_property_id" ON "reviews" ("property_id") /*application='WebtechRoomies'*/[0m
  [1m[35m (2.0ms)[0m  [1m[35mCREATE INDEX "index_reviews_on_reviewer_id" ON "reviews" ("reviewer_id") /*application='WebtechRoomies'*/[0m
  [1m[35m (2.2ms)[0m  [1m[35mCREATE UNIQUE INDEX "index_reviews_on_visit_id" ON "reviews" ("visit_id") /*application='WebtechRoomies'*/[0m
  [1m[35m (0.5ms)[0m  [1m[35mDROP TABLE IF EXISTS "saved_listings" CASCADE /*application='WebtechRoomies'*/[0m
  [1m[35m (3.4ms)[0m  [1m[35mCREATE TABLE "saved_listings" ("id" bigserial primary key, "user_id" bigint NOT NULL, "listing_id" bigint NOT NULL, "saved_at" timestamp(6) NOT NULL) /*application='WebtechRoomies'*/[0m
  [1m[35m (2.2ms)[0m  [1m[35mCREATE INDEX "index_saved_listings_on_listing_id" ON "saved_listings" ("listing_id") /*application='WebtechRoomies'*/[0m
  [1m[35m (2.1ms)[0m  [1m[35mCREATE INDEX "index_saved_listings_on_user_id" ON "saved_listings" ("user_id") /*application='WebtechRoomies'*/[0m
  [1m[35m (0.3ms)[0m  [1m[35mDROP TABLE IF EXISTS "users" CASCADE /*application='WebtechRoomies'*/[0m
  [1m[35m (3.4ms)[0m  [1m[35mCREATE TABLE "users" ("id" bigserial primary key, "email" character varying NOT NULL, "password_hash" character varying NOT NULL, "full_name" character varying NOT NULL, "phone" character varying, "role" character varying DEFAULT 'member' NOT NULL, "created_at" timestamp(6) NOT NULL) /*application='WebtechRoomies'*/[0m
  [1m[35m (2.2ms)[0m  [1m[35mCREATE UNIQUE INDEX "index_users_on_email" ON "users" ("email") /*application='WebtechRoomies'*/[0m
  [1m[35m (0.4ms)[0m  [1m[35mDROP TABLE IF EXISTS "visits" CASCADE /*application='WebtechRoomies'*/[0m
  [1m[35m (4.8ms)[0m  [1m[35mCREATE TABLE "visits" ("id" bigserial primary key, "application_id" bigint NOT NULL, "scheduled_at" timestamp(6) NOT NULL, "status" character varying NOT NULL, "notes" text) /*application='WebtechRoomies'*/[0m
  [1m[35m (2.3ms)[0m  [1m[35mCREATE INDEX "index_visits_on_application_id" ON "visits" ("application_id") /*application='WebtechRoomies'*/[0m
  [1m[35m (5.6ms)[0m  [1m[35mALTER TABLE "applications" ADD CONSTRAINT "fk_rails_2881ca5d4f"
FOREIGN KEY ("listing_id")
  REFERENCES "listings" ("id")
 /*application='WebtechRoomies'*/[0m
  [1m[35m (2.7ms)[0m  [1m[35mALTER TABLE "applications" ADD CONSTRAINT "fk_rails_df32bd9671"
FOREIGN KEY ("applicant_id")
  REFERENCES "users" ("id")
 /*application='WebtechRoomies'*/[0m
  [1m[35m (2.6ms)[0m  [1m[35mALTER TABLE "listing_photos" ADD CONSTRAINT "fk_rails_0f101060cd"
FOREIGN KEY ("listing_id")
  REFERENCES "listings" ("id")
 /*application='WebtechRoomies'*/[0m
  [1m[35m (2.8ms)[0m  [1m[35mALTER TABLE "listings" ADD CONSTRAINT "fk_rails_147f5eb13e"
FOREIGN KEY ("property_id")
  REFERENCES "properties" ("id")
 /*application='WebtechRoomies'*/[0m
  [1m[35m (2.7ms)[0m  [1m[35mALTER TABLE "properties" ADD CONSTRAINT "fk_rails_659aeb2874"
FOREIGN KEY ("neighborhood_id")
  REFERENCES "neighborhoods" ("id")
 /*application='WebtechRoomies'*/[0m
  [1m[35m (2.8ms)[0m  [1m[35mALTER TABLE "properties" ADD CONSTRAINT "fk_rails_45d6dffcf8"
FOREIGN KEY ("owner_id")
  REFERENCES "users" ("id")
 /*application='WebtechRoomies'*/[0m
  [1m[35m (2.9ms)[0m  [1m[35mALTER TABLE "property_amenities" ADD CONSTRAINT "fk_rails_f37dc1f85f"
FOREIGN KEY ("amenity_id")
  REFERENCES "amenities" ("id")
 /*application='WebtechRoomies'*/[0m
  [1m[35m (3.1ms)[0m  [1m[35mALTER TABLE "property_amenities" ADD CONSTRAINT "fk_rails_e71b8c80fc"
FOREIGN KEY ("property_id")
  REFERENCES "properties" ("id")
 /*application='WebtechRoomies'*/[0m
  [1m[35m (4.8ms)[0m  [1m[35mALTER TABLE "reports" ADD CONSTRAINT "fk_rails_2608b92ec4"
FOREIGN KEY ("listing_id")
  REFERENCES "listings" ("id")
 /*application='WebtechRoomies'*/[0m
  [1m[35m (2.0ms)[0m  [1m[35mALTER TABLE "reports" ADD CONSTRAINT "fk_rails_cfe003e081"
FOREIGN KEY ("moderator_id")
  REFERENCES "users" ("id")
 /*application='WebtechRoomies'*/[0m
  [1m[35m (2.7ms)[0m  [1m[35mALTER TABLE "reports" ADD CONSTRAINT "fk_rails_3c5411f358"
FOREIGN KEY ("reproter_id")
  REFERENCES "users" ("id")
 /*application='WebtechRoomies'*/[0m
  [1m[35m (2.5ms)[0m  [1m[35mALTER TABLE "reviews" ADD CONSTRAINT "fk_rails_cb5be69465"
FOREIGN KEY ("property_id")
  REFERENCES "properties" ("id")
 /*application='WebtechRoomies'*/[0m
  [1m[35m (3.5ms)[0m  [1m[35mALTER TABLE "reviews" ADD CONSTRAINT "fk_rails_007031d9cb"
FOREIGN KEY ("reviewer_id")
  REFERENCES "users" ("id")
 /*application='WebtechRoomies'*/[0m
  [1m[35m (3.0ms)[0m  [1m[35mALTER TABLE "reviews" ADD CONSTRAINT "fk_rails_4477030b49"
FOREIGN KEY ("visit_id")
  REFERENCES "visits" ("id")
 /*application='WebtechRoomies'*/[0m
  [1m[35m (3.1ms)[0m  [1m[35mALTER TABLE "saved_listings" ADD CONSTRAINT "fk_rails_63efe8ab53"
FOREIGN KEY ("listing_id")
  REFERENCES "listings" ("id")
 /*application='WebtechRoomies'*/[0m
  [1m[35m (2.3ms)[0m  [1m[35mALTER TABLE "saved_listings" ADD CONSTRAINT "fk_rails_1a5b9f451a"
FOREIGN KEY ("user_id")
  REFERENCES "users" ("id")
 /*application='WebtechRoomies'*/[0m
  [1m[35m (2.3ms)[0m  [1m[35mALTER TABLE "visits" ADD CONSTRAINT "fk_rails_f5d2dde823"
FOREIGN KEY ("application_id")
  REFERENCES "applications" ("id")
 /*application='WebtechRoomies'*/[0m
  [1m[35m (4.6ms)[0m  [1m[35mCREATE TABLE "schema_migrations" ("version" character varying NOT NULL PRIMARY KEY) /*application='WebtechRoomies'*/[0m
  [1m[36mActiveRecord::SchemaMigration Load (0.4ms)[0m  [1m[34mSELECT "schema_migrations"."version" FROM "schema_migrations" ORDER BY "schema_migrations"."version" ASC /*application='WebtechRoomies'*/[0m
  [1m[35m (2.1ms)[0m  [1m[32mINSERT INTO "schema_migrations" (version) VALUES (20261004192010) /*application='WebtechRoomies'*/[0m
  [1m[35m (1.7ms)[0m  [1m[32mINSERT INTO "schema_migrations" (version) VALUES
(20261004192009),
(20261004192008),
(20261004192007),
(20261004192006),
(20261004192005),
(20261004192004),
(20261004192003),
(20261004192002),
(20261004192001),
(20261004191944),
(20261004191923); /*application='WebtechRoomies'*/[0m
  [1m[35m (3.1ms)[0m  [1m[35mCREATE TABLE "ar_internal_metadata" ("key" character varying NOT NULL PRIMARY KEY, "value" character varying, "created_at" timestamp(6) NOT NULL, "updated_at" timestamp(6) NOT NULL) /*application='WebtechRoomies'*/[0m
  [1m[36mActiveRecord::InternalMetadata Load (1.0ms)[0m  [1m[34mSELECT * FROM "ar_internal_metadata" WHERE "ar_internal_metadata"."key" = 'environment' ORDER BY "ar_internal_metadata"."key" ASC LIMIT 1 /*application='WebtechRoomies'*/[0m
  [1m[36mActiveRecord::InternalMetadata Create (2.4ms)[0m  [1m[32mINSERT INTO "ar_internal_metadata" ("key", "value", "created_at", "updated_at") VALUES ('environment', 'development', '2026-10-04 21:17:44.992389', '2026-10-04 21:17:44.992395') RETURNING "key" /*application='WebtechRoomies'*/[0m
  [1m[36mActiveRecord::InternalMetadata Load (0.6ms)[0m  [1m[34mSELECT * FROM "ar_internal_metadata" WHERE "ar_internal_metadata"."key" = 'environment' ORDER BY "ar_internal_metadata"."key" ASC LIMIT 1 /*application='WebtechRoomies'*/[0m
  [1m[36mActiveRecord::InternalMetadata Load (0.5ms)[0m  [1m[34mSELECT * FROM "ar_internal_metadata" WHERE "ar_internal_metadata"."key" = 'schema_sha1' ORDER BY "ar_internal_metadata"."key" ASC LIMIT 1 /*application='WebtechRoomies'*/[0m
  [1m[36mActiveRecord::InternalMetadata Create (2.2ms)[0m  [1m[32mINSERT INTO "ar_internal_metadata" ("key", "value", "created_at", "updated_at") VALUES ('schema_sha1', '6c1a689985106cdf59db2558c1e7faa7033a751d', '2026-10-04 21:17:45.001777', '2026-10-04 21:17:45.001781') RETURNING "key" /*application='WebtechRoomies'*/[0m
  [1m[35m (0.2ms)[0m  [1m[34mSELECT pg_try_advisory_lock(752344604101426980) /*application='WebtechRoomies'*/[0m
  [1m[36mActiveRecord::SchemaMigration Load (0.6ms)[0m  [1m[34mSELECT "schema_migrations"."version" FROM "schema_migrations" ORDER BY "schema_migrations"."version" ASC /*application='WebtechRoomies'*/[0m
  [1m[36mActiveRecord::InternalMetadata Load (0.5ms)[0m  [1m[34mSELECT * FROM "ar_internal_metadata" WHERE "ar_internal_metadata"."key" = 'environment' ORDER BY "ar_internal_metadata"."key" ASC LIMIT 1 /*application='WebtechRoomies'*/[0m
  [1m[35m (0.3ms)[0m  [1m[34mSELECT pg_advisory_unlock(752344604101426980) /*application='WebtechRoomies'*/[0m
  [1m[36mActiveRecord::SchemaMigration Load (0.2ms)[0m  [1m[34mSELECT "schema_migrations"."version" FROM "schema_migrations" ORDER BY "schema_migrations"."version" ASC /*application='WebtechRoomies'*/[0m
  [1m[35mSQL (0.2ms)[0m  [1m[35mSET search_path TO public /*application='WebtechRoomies'*/[0m
  [1m[35mSQL (0.2ms)[0m  [1m[35mSET search_path TO "$user", public /*application='WebtechRoomies'*/[0m
  [1m[35mSQL (0.1ms)[0m  [1m[35mSET search_path TO public /*application='WebtechRoomies'*/[0m
  [1m[35mSQL (0.2ms)[0m  [1m[35mSET search_path TO "$user", public /*application='WebtechRoomies'*/[0m
Using vips to process variants requires the libvips library. Please install libvips using the instructions on the libvips website.
  [1m[36mActiveRecord::SchemaMigration Load (0.6ms)[0m  [1m[34mSELECT "schema_migrations"."version" FROM "schema_migrations" ORDER BY "schema_migrations"."version" ASC /*application='WebtechRoomies'*/[0m
  [1m[35mSQL (0.1ms)[0m  [1m[35mSET search_path TO public /*application='WebtechRoomies'*/[0m
  [1m[35mSQL (0.1ms)[0m  [1m[35mSET search_path TO "$user", public /*application='WebtechRoomies'*/[0m
  [1m[35mSQL (0.1ms)[0m  [1m[35mSET search_path TO public /*application='WebtechRoomies'*/[0m
  [1m[35mSQL (0.1ms)[0m  [1m[35mSET search_path TO "$user", public /*application='WebtechRoomies'*/[0m
Using vips to process variants requires the libvips library. Please install libvips using the instructions on the libvips website.
Using vips to process variants requires the libvips library. Please install libvips using the instructions on the libvips website.
Using vips to process variants requires the libvips library. Please install libvips using the instructions on the libvips website.
Using vips to process variants requires the libvips library. Please install libvips using the instructions on the libvips website.
Using vips to process variants requires the libvips library. Please install libvips using the instructions on the libvips website.
Using vips to process variants requires the libvips library. Please install libvips using the instructions on the libvips website.
Using vips to process variants requires the libvips library. Please install libvips using the instructions on the libvips website.
  [1m[36mActiveRecord::SchemaMigration Load (1.4ms)[0m  [1m[34mSELECT "schema_migrations"."version" FROM "schema_migrations" ORDER BY "schema_migrations"."version" ASC /*application='WebtechRoomies'*/[0m
Using vips to process variants requires the libvips library. Please install libvips using the instructions on the libvips website.
Using vips to process variants requires the libvips library. Please install libvips using the instructions on the libvips website.
Using vips to process variants requires the libvips library. Please install libvips using the instructions on the libvips website.
Using vips to process variants requires the libvips library. Please install libvips using the instructions on the libvips website.
Using vips to process variants requires the libvips library. Please install libvips using the instructions on the libvips website.
Using vips to process variants requires the libvips library. Please install libvips using the instructions on the libvips website.
Using vips to process variants requires the libvips library. Please install libvips using the instructions on the libvips website.
Using vips to process variants requires the libvips library. Please install libvips using the instructions on the libvips website.
Using vips to process variants requires the libvips library. Please install libvips using the instructions on the libvips website.
Using vips to process variants requires the libvips library. Please install libvips using the instructions on the libvips website.
Using vips to process variants requires the libvips library. Please install libvips using the instructions on the libvips website.
Using vips to process variants requires the libvips library. Please install libvips using the instructions on the libvips website.
Using vips to process variants requires the libvips library. Please install libvips using the instructions on the libvips website.
  [1m[35m (0.8ms)[0m  [1m[34mSELECT pg_try_advisory_lock(752344604101426980) /*application='WebtechRoomies'*/[0m
  [1m[36mActiveRecord::SchemaMigration Load (3.6ms)[0m  [1m[34mSELECT "schema_migrations"."version" FROM "schema_migrations" ORDER BY "schema_migrations"."version" ASC /*application='WebtechRoomies'*/[0m
  [1m[36mActiveRecord::InternalMetadata Load (2.3ms)[0m  [1m[34mSELECT * FROM "ar_internal_metadata" WHERE "ar_internal_metadata"."key" = 'environment' ORDER BY "ar_internal_metadata"."key" ASC LIMIT 1 /*application='WebtechRoomies'*/[0m
Migrating to CreateUsers (20261005004528)
  [1m[36mTRANSACTION (0.2ms)[0m  [1m[35mBEGIN /*application='WebtechRoomies'*/[0m
  [1m[35m (17.4ms)[0m  [1m[35mCREATE TABLE "users" ("id" bigserial primary key, "email" character varying NOT NULL, "password_hash" character varying NOT NULL, "full_name" character varying NOT NULL, "phone" character varying, "role" character varying DEFAULT 'member' NOT NULL, "created_at" timestamp(6) NOT NULL) /*application='WebtechRoomies'*/[0m
  [1m[36mTRANSACTION (0.3ms)[0m  [1m[31mROLLBACK /*application='WebtechRoomies'*/[0m
  [1m[35m (0.3ms)[0m  [1m[34mSELECT pg_advisory_unlock(752344604101426980) /*application='WebtechRoomies'*/[0m
Using vips to process variants requires the libvips library. Please install libvips using the instructions on the libvips website.
  [1m[36mActiveRecord::SchemaMigration Load (0.7ms)[0m  [1m[34mSELECT "schema_migrations"."version" FROM "schema_migrations" ORDER BY "schema_migrations"."version" ASC /*application='WebtechRoomies'*/[0m
  [1m[36mActiveRecord::InternalMetadata Load (0.8ms)[0m  [1m[34mSELECT * FROM "ar_internal_metadata" WHERE "ar_internal_metadata"."key" = 'environment' ORDER BY "ar_internal_metadata"."key" ASC LIMIT 1 /*application='WebtechRoomies'*/[0m
  [1m[36mActiveRecord::SchemaMigration Load (0.3ms)[0m  [1m[34mSELECT "schema_migrations"."version" FROM "schema_migrations" ORDER BY "schema_migrations"."version" ASC /*application='WebtechRoomies'*/[0m
  [1m[36mActiveRecord::InternalMetadata Load (0.3ms)[0m  [1m[34mSELECT * FROM "ar_internal_metadata" WHERE "ar_internal_metadata"."key" = 'environment' ORDER BY "ar_internal_metadata"."key" ASC LIMIT 1 /*application='WebtechRoomies'*/[0m
  [1m[36mActiveRecord::SchemaMigration Load (0.2ms)[0m  [1m[34mSELECT "schema_migrations"."version" FROM "schema_migrations" ORDER BY "schema_migrations"."version" ASC /*application='WebtechRoomies'*/[0m
  [1m[36mActiveRecord::InternalMetadata Load (0.2ms)[0m  [1m[34mSELECT * FROM "ar_internal_metadata" WHERE "ar_internal_metadata"."key" = 'environment' ORDER BY "ar_internal_metadata"."key" ASC LIMIT 1 /*application='WebtechRoomies'*/[0m
  [1m[35mSQL (0.1ms)[0m  [1m[35mSET search_path TO public /*application='WebtechRoomies'*/[0m
  [1m[35m (97.9ms)[0m  [1m[35mDROP DATABASE IF EXISTS "webtech_roomies_development" /*application='WebtechRoomies'*/[0m
  [1m[35mSQL (0.2ms)[0m  [1m[35mSET search_path TO public /*application='WebtechRoomies'*/[0m
  [1m[35m (51.3ms)[0m  [1m[35mDROP DATABASE IF EXISTS "webtech_roomies_test" /*application='WebtechRoomies'*/[0m
Using vips to process variants requires the libvips library. Please install libvips using the instructions on the libvips website.
  [1m[35mSQL (0.2ms)[0m  [1m[35mSET search_path TO public /*application='WebtechRoomies'*/[0m
  [1m[35m (301.9ms)[0m  [1m[35mCREATE DATABASE "webtech_roomies_development" ENCODING = 'unicode' /*application='WebtechRoomies'*/[0m
  [1m[35mSQL (0.2ms)[0m  [1m[35mSET search_path TO public /*application='WebtechRoomies'*/[0m
  [1m[35m (58.7ms)[0m  [1m[35mCREATE DATABASE "webtech_roomies_test" ENCODING = 'unicode' /*application='WebtechRoomies'*/[0m
Using vips to process variants requires the libvips library. Please install libvips using the instructions on the libvips website.
  [1m[35mSQL (1.1ms)[0m  [1m[35mCREATE EXTENSION IF NOT EXISTS "plpgsql" SCHEMA pg_catalog /*application='WebtechRoomies'*/[0m
  [1m[35m (0.2ms)[0m  [1m[35mDROP TABLE IF EXISTS "amenities" CASCADE /*application='WebtechRoomies'*/[0m
  [1m[35m (6.4ms)[0m  [1m[35mCREATE TABLE "amenities" ("id" bigserial primary key, "name" character varying NOT NULL, "category" character varying NOT NULL) /*application='WebtechRoomies'*/[0m
  [1m[35m (0.3ms)[0m  [1m[35mDROP TABLE IF EXISTS "applications" CASCADE /*application='WebtechRoomies'*/[0m
  [1m[35m (2.6ms)[0m  [1m[35mCREATE TABLE "applications" ("id" bigserial primary key, "listing_id" bigint NOT NULL, "applicant_id" bigint NOT NULL, "message" text, "status" character varying DEFAULT 'pending' NOT NULL) /*application='WebtechRoomies'*/[0m
  [1m[35m (1.6ms)[0m  [1m[35mCREATE INDEX "index_applications_on_applicant_id" ON "applications" ("applicant_id") /*application='WebtechRoomies'*/[0m
  [1m[35m (1.6ms)[0m  [1m[35mCREATE INDEX "index_applications_on_listing_id" ON "applications" ("listing_id") /*application='WebtechRoomies'*/[0m
  [1m[35m (0.3ms)[0m  [1m[35mDROP TABLE IF EXISTS "listing_photos" CASCADE /*application='WebtechRoomies'*/[0m
  [1m[35m (2.1ms)[0m  [1m[35mCREATE TABLE "listing_photos" ("id" bigserial primary key, "listing_id" bigint NOT NULL, "image_url" integer NOT NULL, "is_main" boolean DEFAULT FALSE NOT NULL) /*application='WebtechRoomies'*/[0m
  [1m[35m (1.9ms)[0m  [1m[35mCREATE INDEX "index_listing_photos_on_listing_id" ON "listing_photos" ("listing_id") /*application='WebtechRoomies'*/[0m
  [1m[35m (0.2ms)[0m  [1m[35mDROP TABLE IF EXISTS "listings" CASCADE /*application='WebtechRoomies'*/[0m
  [1m[35m (2.5ms)[0m  [1m[35mCREATE TABLE "listings" ("id" bigserial primary key, "property_id" bigint NOT NULL, "title" character varying NOT NULL, "description" text, "monthly_rent" decimal NOT NULL, "status" character varying DEFAULT 'draft' NOT NULL, "created_at" timestamp(6) NOT NULL) /*application='WebtechRoomies'*/[0m
  [1m[35m (1.8ms)[0m  [1m[35mCREATE INDEX "index_listings_on_property_id" ON "listings" ("property_id") /*application='WebtechRoomies'*/[0m
  [1m[35m (0.2ms)[0m  [1m[35mDROP TABLE IF EXISTS "neighborhoods" CASCADE /*application='WebtechRoomies'*/[0m
  [1m[35m (2.8ms)[0m  [1m[35mCREATE TABLE "neighborhoods" ("id" bigserial primary key, "name" character varying NOT NULL, "city" character varying NOT NULL) /*application='WebtechRoomies'*/[0m
  [1m[35m (2.0ms)[0m  [1m[35mCREATE UNIQUE INDEX "index_neighborhoods_on_name_and_city" ON "neighborhoods" ("name", "city") /*application='WebtechRoomies'*/[0m
  [1m[35m (0.2ms)[0m  [1m[35mDROP TABLE IF EXISTS "properties" CASCADE /*application='WebtechRoomies'*/[0m
  [1m[35m (2.9ms)[0m  [1m[35mCREATE TABLE "properties" ("id" bigserial primary key, "owner_id" bigint NOT NULL, "neighborhood_id" bigint NOT NULL, "title" character varying NOT NULL, "address" character varying NOT NULL, "description" text, "bedrooms" integer NOT NULL, "bathrooms" integer NOT NULL, "shared_spaces" boolean DEFAULT TRUE, "created_at" timestamp(6) NOT NULL) /*application='WebtechRoomies'*/[0m
  [1m[35m (1.8ms)[0m  [1m[35mCREATE INDEX "index_properties_on_neighborhood_id" ON "properties" ("neighborhood_id") /*application='WebtechRoomies'*/[0m
  [1m[35m (1.7ms)[0m  [1m[35mCREATE INDEX "index_properties_on_owner_id" ON "properties" ("owner_id") /*application='WebtechRoomies'*/[0m
  [1m[35m (0.2ms)[0m  [1m[35mDROP TABLE IF EXISTS "property_amenities" CASCADE /*application='WebtechRoomies'*/[0m
  [1m[35m (2.4ms)[0m  [1m[35mCREATE TABLE "property_amenities" ("id" bigserial primary key, "property_id" bigint NOT NULL, "amenity_id" bigint NOT NULL) /*application='WebtechRoomies'*/[0m
  [1m[35m (1.9ms)[0m  [1m[35mCREATE INDEX "index_property_amenities_on_amenity_id" ON "property_amenities" ("amenity_id") /*application='WebtechRoomies'*/[0m
  [1m[35m (1.9ms)[0m  [1m[35mCREATE INDEX "index_property_amenities_on_property_id" ON "property_amenities" ("property_id") /*application='WebtechRoomies'*/[0m
  [1m[35m (0.3ms)[0m  [1m[35mDROP TABLE IF EXISTS "reports" CASCADE /*application='WebtechRoomies'*/[0m
  [1m[35m (2.7ms)[0m  [1m[35mCREATE TABLE "reports" ("id" bigserial primary key, "reproter_id" bigint NOT NULL, "listing_id" bigint NOT NULL, "reason" text NOT NULL, "status" character varying NOT NULL, "moderator_id" bigint, "moderator_notes" text, "created_at" timestamp(6) NOT NULL, "reviewed_at" timestamp(6)) /*application='WebtechRoomies'*/[0m
  [1m[35m (1.8ms)[0m  [1m[35mCREATE INDEX "index_reports_on_listing_id" ON "reports" ("listing_id") /*application='WebtechRoomies'*/[0m
  [1m[35m (1.9ms)[0m  [1m[35mCREATE INDEX "index_reports_on_moderator_id" ON "reports" ("moderator_id") /*application='WebtechRoomies'*/[0m
  [1m[35m (2.1ms)[0m  [1m[35mCREATE INDEX "index_reports_on_reproter_id" ON "reports" ("reproter_id") /*application='WebtechRoomies'*/[0m
  [1m[35m (0.3ms)[0m  [1m[35mDROP TABLE IF EXISTS "reviews" CASCADE /*application='WebtechRoomies'*/[0m
  [1m[35m (2.8ms)[0m  [1m[35mCREATE TABLE "reviews" ("id" bigserial primary key, "visit_id" bigint, "reviewer_id" bigint NOT NULL, "property_id" bigint NOT NULL, "rating" integer NOT NULL, "comment" text, "created_at" timestamp(6) NOT NULL) /*application='WebtechRoomies'*/[0m
  [1m[35m (1.8ms)[0m  [1m[35mCREATE INDEX "index_reviews_on_property_id" ON "reviews" ("property_id") /*application='WebtechRoomies'*/[0m
  [1m[35m (1.9ms)[0m  [1m[35mCREATE INDEX "index_reviews_on_reviewer_id" ON "reviews" ("reviewer_id") /*application='WebtechRoomies'*/[0m
  [1m[35m (1.5ms)[0m  [1m[35mCREATE UNIQUE INDEX "index_reviews_on_visit_id" ON "reviews" ("visit_id") /*application='WebtechRoomies'*/[0m
  [1m[35m (0.3ms)[0m  [1m[35mDROP TABLE IF EXISTS "saved_listings" CASCADE /*application='WebtechRoomies'*/[0m
  [1m[35m (2.6ms)[0m  [1m[35mCREATE TABLE "saved_listings" ("id" bigserial primary key, "user_id" bigint NOT NULL, "listing_id" bigint NOT NULL, "saved_at" timestamp(6) NOT NULL) /*application='WebtechRoomies'*/[0m
  [1m[35m (1.7ms)[0m  [1m[35mCREATE INDEX "index_saved_listings_on_listing_id" ON "saved_listings" ("listing_id") /*application='WebtechRoomies'*/[0m
  [1m[35m (1.9ms)[0m  [1m[35mCREATE INDEX "index_saved_listings_on_user_id" ON "saved_listings" ("user_id") /*application='WebtechRoomies'*/[0m
  [1m[35m (0.2ms)[0m  [1m[35mDROP TABLE IF EXISTS "users" CASCADE /*application='WebtechRoomies'*/[0m
  [1m[35m (3.0ms)[0m  [1m[35mCREATE TABLE "users" ("id" bigserial primary key, "email" character varying NOT NULL, "password_hash" character varying NOT NULL, "full_name" character varying NOT NULL, "phone" character varying, "role" character varying DEFAULT 'member' NOT NULL, "created_at" timestamp(6) NOT NULL) /*application='WebtechRoomies'*/[0m
  [1m[35m (1.9ms)[0m  [1m[35mCREATE UNIQUE INDEX "index_users_on_email" ON "users" ("email") /*application='WebtechRoomies'*/[0m
  [1m[35m (0.2ms)[0m  [1m[35mDROP TABLE IF EXISTS "visits" CASCADE /*application='WebtechRoomies'*/[0m
  [1m[35m (2.8ms)[0m  [1m[35mCREATE TABLE "visits" ("id" bigserial primary key, "application_id" bigint NOT NULL, "scheduled_at" timestamp(6) NOT NULL, "status" character varying NOT NULL, "notes" text) /*application='WebtechRoomies'*/[0m
  [1m[35m (2.1ms)[0m  [1m[35mCREATE INDEX "index_visits_on_application_id" ON "visits" ("application_id") /*application='WebtechRoomies'*/[0m
  [1m[35m (3.5ms)[0m  [1m[35mALTER TABLE "applications" ADD CONSTRAINT "fk_rails_2881ca5d4f"
FOREIGN KEY ("listing_id")
  REFERENCES "listings" ("id")
 /*application='WebtechRoomies'*/[0m
  [1m[35m (2.3ms)[0m  [1m[35mALTER TABLE "applications" ADD CONSTRAINT "fk_rails_df32bd9671"
FOREIGN KEY ("applicant_id")
  REFERENCES "users" ("id")
 /*application='WebtechRoomies'*/[0m
  [1m[35m (2.0ms)[0m  [1m[35mALTER TABLE "listing_photos" ADD CONSTRAINT "fk_rails_0f101060cd"
FOREIGN KEY ("listing_id")
  REFERENCES "listings" ("id")
 /*application='WebtechRoomies'*/[0m
  [1m[35m (2.1ms)[0m  [1m[35mALTER TABLE "listings" ADD CONSTRAINT "fk_rails_147f5eb13e"
FOREIGN KEY ("property_id")
  REFERENCES "properties" ("id")
 /*application='WebtechRoomies'*/[0m
  [1m[35m (2.3ms)[0m  [1m[35mALTER TABLE "properties" ADD CONSTRAINT "fk_rails_659aeb2874"
FOREIGN KEY ("neighborhood_id")
  REFERENCES "neighborhoods" ("id")
 /*application='WebtechRoomies'*/[0m
  [1m[35m (2.2ms)[0m  [1m[35mALTER TABLE "properties" ADD CONSTRAINT "fk_rails_45d6dffcf8"
FOREIGN KEY ("owner_id")
  REFERENCES "users" ("id")
 /*application='WebtechRoomies'*/[0m
  [1m[35m (1.9ms)[0m  [1m[35mALTER TABLE "property_amenities" ADD CONSTRAINT "fk_rails_f37dc1f85f"
FOREIGN KEY ("amenity_id")
  REFERENCES "amenities" ("id")
 /*application='WebtechRoomies'*/[0m
  [1m[35m (1.9ms)[0m  [1m[35mALTER TABLE "property_amenities" ADD CONSTRAINT "fk_rails_e71b8c80fc"
FOREIGN KEY ("property_id")
  REFERENCES "properties" ("id")
 /*application='WebtechRoomies'*/[0m
  [1m[35m (2.1ms)[0m  [1m[35mALTER TABLE "reports" ADD CONSTRAINT "fk_rails_2608b92ec4"
FOREIGN KEY ("listing_id")
  REFERENCES "listings" ("id")
 /*application='WebtechRoomies'*/[0m
  [1m[35m (2.3ms)[0m  [1m[35mALTER TABLE "reports" ADD CONSTRAINT "fk_rails_cfe003e081"
FOREIGN KEY ("moderator_id")
  REFERENCES "users" ("id")
 /*application='WebtechRoomies'*/[0m
  [1m[35m (1.9ms)[0m  [1m[35mALTER TABLE "reports" ADD CONSTRAINT "fk_rails_3c5411f358"
FOREIGN KEY ("reproter_id")
  REFERENCES "users" ("id")
 /*application='WebtechRoomies'*/[0m
  [1m[35m (2.0ms)[0m  [1m[35mALTER TABLE "reviews" ADD CONSTRAINT "fk_rails_cb5be69465"
FOREIGN KEY ("property_id")
  REFERENCES "properties" ("id")
 /*application='WebtechRoomies'*/[0m
  [1m[35m (2.1ms)[0m  [1m[35mALTER TABLE "reviews" ADD CONSTRAINT "fk_rails_007031d9cb"
FOREIGN KEY ("reviewer_id")
  REFERENCES "users" ("id")
 /*application='WebtechRoomies'*/[0m
  [1m[35m (2.1ms)[0m  [1m[35mALTER TABLE "reviews" ADD CONSTRAINT "fk_rails_4477030b49"
FOREIGN KEY ("visit_id")
  REFERENCES "visits" ("id")
 /*application='WebtechRoomies'*/[0m
  [1m[35m (2.4ms)[0m  [1m[35mALTER TABLE "saved_listings" ADD CONSTRAINT "fk_rails_63efe8ab53"
FOREIGN KEY ("listing_id")
  REFERENCES "listings" ("id")
 /*application='WebtechRoomies'*/[0m
  [1m[35m (2.3ms)[0m  [1m[35mALTER TABLE "saved_listings" ADD CONSTRAINT "fk_rails_1a5b9f451a"
FOREIGN KEY ("user_id")
  REFERENCES "users" ("id")
 /*application='WebtechRoomies'*/[0m
  [1m[35m (2.3ms)[0m  [1m[35mALTER TABLE "visits" ADD CONSTRAINT "fk_rails_f5d2dde823"
FOREIGN KEY ("application_id")
  REFERENCES "applications" ("id")
 /*application='WebtechRoomies'*/[0m
  [1m[35m (2.1ms)[0m  [1m[35mCREATE TABLE "schema_migrations" ("version" character varying NOT NULL PRIMARY KEY) /*application='WebtechRoomies'*/[0m
  [1m[36mActiveRecord::SchemaMigration Load (0.4ms)[0m  [1m[34mSELECT "schema_migrations"."version" FROM "schema_migrations" ORDER BY "schema_migrations"."version" ASC /*application='WebtechRoomies'*/[0m
  [1m[35m (1.6ms)[0m  [1m[32mINSERT INTO "schema_migrations" (version) VALUES (20261004192010) /*application='WebtechRoomies'*/[0m
  [1m[35m (2.5ms)[0m  [1m[35mCREATE TABLE "ar_internal_metadata" ("key" character varying NOT NULL PRIMARY KEY, "value" character varying, "created_at" timestamp(6) NOT NULL, "updated_at" timestamp(6) NOT NULL) /*application='WebtechRoomies'*/[0m
  [1m[36mActiveRecord::InternalMetadata Load (0.7ms)[0m  [1m[34mSELECT * FROM "ar_internal_metadata" WHERE "ar_internal_metadata"."key" = 'environment' ORDER BY "ar_internal_metadata"."key" ASC LIMIT 1 /*application='WebtechRoomies'*/[0m
  [1m[36mActiveRecord::InternalMetadata Create (1.6ms)[0m  [1m[32mINSERT INTO "ar_internal_metadata" ("key", "value", "created_at", "updated_at") VALUES ('environment', 'development', '2026-10-05 01:03:47.948315', '2026-10-05 01:03:47.948317') RETURNING "key" /*application='WebtechRoomies'*/[0m
  [1m[36mActiveRecord::InternalMetadata Load (0.2ms)[0m  [1m[34mSELECT * FROM "ar_internal_metadata" WHERE "ar_internal_metadata"."key" = 'environment' ORDER BY "ar_internal_metadata"."key" ASC LIMIT 1 /*application='WebtechRoomies'*/[0m
  [1m[36mActiveRecord::InternalMetadata Load (0.2ms)[0m  [1m[34mSELECT * FROM "ar_internal_metadata" WHERE "ar_internal_metadata"."key" = 'schema_sha1' ORDER BY "ar_internal_metadata"."key" ASC LIMIT 1 /*application='WebtechRoomies'*/[0m
  [1m[36mActiveRecord::InternalMetadata Create (1.8ms)[0m  [1m[32mINSERT INTO "ar_internal_metadata" ("key", "value", "created_at", "updated_at") VALUES ('schema_sha1', '6c1a689985106cdf59db2558c1e7faa7033a751d', '2026-10-05 01:03:47.953007', '2026-10-05 01:03:47.953009') RETURNING "key" /*application='WebtechRoomies'*/[0m
  [1m[35m (0.2ms)[0m  [1m[34mSELECT pg_try_advisory_lock(752344604101426980) /*application='WebtechRoomies'*/[0m
  [1m[36mActiveRecord::SchemaMigration Load (0.2ms)[0m  [1m[34mSELECT "schema_migrations"."version" FROM "schema_migrations" ORDER BY "schema_migrations"."version" ASC /*application='WebtechRoomies'*/[0m
  [1m[36mActiveRecord::InternalMetadata Load (0.2ms)[0m  [1m[34mSELECT * FROM "ar_internal_metadata" WHERE "ar_internal_metadata"."key" = 'environment' ORDER BY "ar_internal_metadata"."key" ASC LIMIT 1 /*application='WebtechRoomies'*/[0m
Migrating to CreateUsers (20261005004528)
  [1m[36mTRANSACTION (0.1ms)[0m  [1m[35mBEGIN /*application='WebtechRoomies'*/[0m
  [1m[35m (1.0ms)[0m  [1m[35mCREATE TABLE "users" ("id" bigserial primary key, "email" character varying NOT NULL, "password_hash" character varying NOT NULL, "full_name" character varying NOT NULL, "phone" character varying, "role" character varying DEFAULT 'member' NOT NULL, "created_at" timestamp(6) NOT NULL) /*application='WebtechRoomies'*/[0m
  [1m[36mTRANSACTION (0.1ms)[0m  [1m[31mROLLBACK /*application='WebtechRoomies'*/[0m
  [1m[35m (0.2ms)[0m  [1m[34mSELECT pg_advisory_unlock(752344604101426980) /*application='WebtechRoomies'*/[0m
Using vips to process variants requires the libvips library. Please install libvips using the instructions on the libvips website.
Using vips to process variants requires the libvips library. Please install libvips using the instructions on the libvips website.
  [1m[35mSQL (0.3ms)[0m  [1m[35mCREATE EXTENSION IF NOT EXISTS "plpgsql" SCHEMA pg_catalog /*application='WebtechRoomies'*/[0m
  [1m[35m (0.2ms)[0m  [1m[35mDROP TABLE IF EXISTS "amenities" CASCADE /*application='WebtechRoomies'*/[0m
  [1m[35m (3.9ms)[0m  [1m[35mCREATE TABLE "amenities" ("id" bigserial primary key, "name" character varying NOT NULL, "category" character varying NOT NULL) /*application='WebtechRoomies'*/[0m
  [1m[35m (0.4ms)[0m  [1m[35mDROP TABLE IF EXISTS "applications" CASCADE /*application='WebtechRoomies'*/[0m
  [1m[35m (3.0ms)[0m  [1m[35mCREATE TABLE "applications" ("id" bigserial primary key, "listing_id" bigint NOT NULL, "applicant_id" bigint NOT NULL, "message" text, "status" character varying DEFAULT 'pending' NOT NULL) /*application='WebtechRoomies'*/[0m
  [1m[35m (1.6ms)[0m  [1m[35mCREATE INDEX "index_applications_on_applicant_id" ON "applications" ("applicant_id") /*application='WebtechRoomies'*/[0m
  [1m[35m (1.9ms)[0m  [1m[35mCREATE INDEX "index_applications_on_listing_id" ON "applications" ("listing_id") /*application='WebtechRoomies'*/[0m
  [1m[35m (0.3ms)[0m  [1m[35mDROP TABLE IF EXISTS "listing_photos" CASCADE /*application='WebtechRoomies'*/[0m
  [1m[35m (2.8ms)[0m  [1m[35mCREATE TABLE "listing_photos" ("id" bigserial primary key, "listing_id" bigint NOT NULL, "image_url" integer NOT NULL, "is_main" boolean DEFAULT FALSE NOT NULL) /*application='WebtechRoomies'*/[0m
  [1m[35m (1.8ms)[0m  [1m[35mCREATE INDEX "index_listing_photos_on_listing_id" ON "listing_photos" ("listing_id") /*application='WebtechRoomies'*/[0m
  [1m[35m (0.4ms)[0m  [1m[35mDROP TABLE IF EXISTS "listings" CASCADE /*application='WebtechRoomies'*/[0m
  [1m[35m (3.1ms)[0m  [1m[35mCREATE TABLE "listings" ("id" bigserial primary key, "property_id" bigint NOT NULL, "title" character varying NOT NULL, "description" text, "monthly_rent" decimal NOT NULL, "status" character varying DEFAULT 'draft' NOT NULL, "created_at" timestamp(6) NOT NULL) /*application='WebtechRoomies'*/[0m
  [1m[35m (2.2ms)[0m  [1m[35mCREATE INDEX "index_listings_on_property_id" ON "listings" ("property_id") /*application='WebtechRoomies'*/[0m
  [1m[35m (0.3ms)[0m  [1m[35mDROP TABLE IF EXISTS "neighborhoods" CASCADE /*application='WebtechRoomies'*/[0m
  [1m[35m (2.5ms)[0m  [1m[35mCREATE TABLE "neighborhoods" ("id" bigserial primary key, "name" character varying NOT NULL, "city" character varying NOT NULL) /*application='WebtechRoomies'*/[0m
  [1m[35m (2.3ms)[0m  [1m[35mCREATE UNIQUE INDEX "index_neighborhoods_on_name_and_city" ON "neighborhoods" ("name", "city") /*application='WebtechRoomies'*/[0m
  [1m[35m (0.2ms)[0m  [1m[35mDROP TABLE IF EXISTS "properties" CASCADE /*application='WebtechRoomies'*/[0m
  [1m[35m (3.3ms)[0m  [1m[35mCREATE TABLE "properties" ("id" bigserial primary key, "owner_id" bigint NOT NULL, "neighborhood_id" bigint NOT NULL, "title" character varying NOT NULL, "address" character varying NOT NULL, "description" text, "bedrooms" integer NOT NULL, "bathrooms" integer NOT NULL, "shared_spaces" boolean DEFAULT TRUE, "created_at" timestamp(6) NOT NULL) /*application='WebtechRoomies'*/[0m
  [1m[35m (1.7ms)[0m  [1m[35mCREATE INDEX "index_properties_on_neighborhood_id" ON "properties" ("neighborhood_id") /*application='WebtechRoomies'*/[0m
  [1m[35m (1.4ms)[0m  [1m[35mCREATE INDEX "index_properties_on_owner_id" ON "properties" ("owner_id") /*application='WebtechRoomies'*/[0m
  [1m[35m (0.3ms)[0m  [1m[35mDROP TABLE IF EXISTS "property_amenities" CASCADE /*application='WebtechRoomies'*/[0m
  [1m[35m (2.2ms)[0m  [1m[35mCREATE TABLE "property_amenities" ("id" bigserial primary key, "property_id" bigint NOT NULL, "amenity_id" bigint NOT NULL) /*application='WebtechRoomies'*/[0m
  [1m[35m (1.6ms)[0m  [1m[35mCREATE INDEX "index_property_amenities_on_amenity_id" ON "property_amenities" ("amenity_id") /*application='WebtechRoomies'*/[0m
  [1m[35m (1.7ms)[0m  [1m[35mCREATE INDEX "index_property_amenities_on_property_id" ON "property_amenities" ("property_id") /*application='WebtechRoomies'*/[0m
  [1m[35m (0.2ms)[0m  [1m[35mDROP TABLE IF EXISTS "reports" CASCADE /*application='WebtechRoomies'*/[0m
  [1m[35m (2.8ms)[0m  [1m[35mCREATE TABLE "reports" ("id" bigserial primary key, "reproter_id" bigint NOT NULL, "listing_id" bigint NOT NULL, "reason" text NOT NULL, "status" character varying NOT NULL, "moderator_id" bigint, "moderator_notes" text, "created_at" timestamp(6) NOT NULL, "reviewed_at" timestamp(6)) /*application='WebtechRoomies'*/[0m
  [1m[35m (1.8ms)[0m  [1m[35mCREATE INDEX "index_reports_on_listing_id" ON "reports" ("listing_id") /*application='WebtechRoomies'*/[0m
  [1m[35m (1.6ms)[0m  [1m[35mCREATE INDEX "index_reports_on_moderator_id" ON "reports" ("moderator_id") /*application='WebtechRoomies'*/[0m
  [1m[35m (2.2ms)[0m  [1m[35mCREATE INDEX "index_reports_on_reproter_id" ON "reports" ("reproter_id") /*application='WebtechRoomies'*/[0m
  [1m[35m (0.3ms)[0m  [1m[35mDROP TABLE IF EXISTS "reviews" CASCADE /*application='WebtechRoomies'*/[0m
  [1m[35m (2.7ms)[0m  [1m[35mCREATE TABLE "reviews" ("id" bigserial primary key, "visit_id" bigint, "reviewer_id" bigint NOT NULL, "property_id" bigint NOT NULL, "rating" integer NOT NULL, "comment" text, "created_at" timestamp(6) NOT NULL) /*application='WebtechRoomies'*/[0m
  [1m[35m (2.4ms)[0m  [1m[35mCREATE INDEX "index_reviews_on_property_id" ON "reviews" ("property_id") /*application='WebtechRoomies'*/[0m
  [1m[35m (1.6ms)[0m  [1m[35mCREATE INDEX "index_reviews_on_reviewer_id" ON "reviews" ("reviewer_id") /*application='WebtechRoomies'*/[0m
  [1m[35m (2.0ms)[0m  [1m[35mCREATE UNIQUE INDEX "index_reviews_on_visit_id" ON "reviews" ("visit_id") /*application='WebtechRoomies'*/[0m
  [1m[35m (0.3ms)[0m  [1m[35mDROP TABLE IF EXISTS "saved_listings" CASCADE /*application='WebtechRoomies'*/[0m
  [1m[35m (2.3ms)[0m  [1m[35mCREATE TABLE "saved_listings" ("id" bigserial primary key, "user_id" bigint NOT NULL, "listing_id" bigint NOT NULL, "saved_at" timestamp(6) NOT NULL) /*application='WebtechRoomies'*/[0m
  [1m[35m (2.0ms)[0m  [1m[35mCREATE INDEX "index_saved_listings_on_listing_id" ON "saved_listings" ("listing_id") /*application='WebtechRoomies'*/[0m
  [1m[35m (1.8ms)[0m  [1m[35mCREATE INDEX "index_saved_listings_on_user_id" ON "saved_listings" ("user_id") /*application='WebtechRoomies'*/[0m
  [1m[35m (0.2ms)[0m  [1m[35mDROP TABLE IF EXISTS "users" CASCADE /*application='WebtechRoomies'*/[0m
  [1m[35m (2.8ms)[0m  [1m[35mCREATE TABLE "users" ("id" bigserial primary key, "email" character varying NOT NULL, "password_hash" character varying NOT NULL, "full_name" character varying NOT NULL, "phone" character varying, "role" character varying DEFAULT 'member' NOT NULL, "created_at" timestamp(6) NOT NULL) /*application='WebtechRoomies'*/[0m
  [1m[35m (1.8ms)[0m  [1m[35mCREATE UNIQUE INDEX "index_users_on_email" ON "users" ("email") /*application='WebtechRoomies'*/[0m
  [1m[35m (0.2ms)[0m  [1m[35mDROP TABLE IF EXISTS "visits" CASCADE /*application='WebtechRoomies'*/[0m
  [1m[35m (2.7ms)[0m  [1m[35mCREATE TABLE "visits" ("id" bigserial primary key, "application_id" bigint NOT NULL, "scheduled_at" timestamp(6) NOT NULL, "status" character varying NOT NULL, "notes" text) /*application='WebtechRoomies'*/[0m
  [1m[35m (1.7ms)[0m  [1m[35mCREATE INDEX "index_visits_on_application_id" ON "visits" ("application_id") /*application='WebtechRoomies'*/[0m
  [1m[35m (2.2ms)[0m  [1m[35mALTER TABLE "applications" ADD CONSTRAINT "fk_rails_2881ca5d4f"
FOREIGN KEY ("listing_id")
  REFERENCES "listings" ("id")
 /*application='WebtechRoomies'*/[0m
  [1m[35m (1.7ms)[0m  [1m[35mALTER TABLE "applications" ADD CONSTRAINT "fk_rails_df32bd9671"
FOREIGN KEY ("applicant_id")
  REFERENCES "users" ("id")
 /*application='WebtechRoomies'*/[0m
  [1m[35m (2.2ms)[0m  [1m[35mALTER TABLE "listing_photos" ADD CONSTRAINT "fk_rails_0f101060cd"
FOREIGN KEY ("listing_id")
  REFERENCES "listings" ("id")
 /*application='WebtechRoomies'*/[0m
  [1m[35m (2.0ms)[0m  [1m[35mALTER TABLE "listings" ADD CONSTRAINT "fk_rails_147f5eb13e"
FOREIGN KEY ("property_id")
  REFERENCES "properties" ("id")
 /*application='WebtechRoomies'*/[0m
  [1m[35m (2.4ms)[0m  [1m[35mALTER TABLE "properties" ADD CONSTRAINT "fk_rails_659aeb2874"
FOREIGN KEY ("neighborhood_id")
  REFERENCES "neighborhoods" ("id")
 /*application='WebtechRoomies'*/[0m
  [1m[35m (2.0ms)[0m  [1m[35mALTER TABLE "properties" ADD CONSTRAINT "fk_rails_45d6dffcf8"
FOREIGN KEY ("owner_id")
  REFERENCES "users" ("id")
 /*application='WebtechRoomies'*/[0m
  [1m[35m (2.1ms)[0m  [1m[35mALTER TABLE "property_amenities" ADD CONSTRAINT "fk_rails_f37dc1f85f"
FOREIGN KEY ("amenity_id")
  REFERENCES "amenities" ("id")
 /*application='WebtechRoomies'*/[0m
  [1m[35m (1.9ms)[0m  [1m[35mALTER TABLE "property_amenities" ADD CONSTRAINT "fk_rails_e71b8c80fc"
FOREIGN KEY ("property_id")
  REFERENCES "properties" ("id")
 /*application='WebtechRoomies'*/[0m
  [1m[35m (1.9ms)[0m  [1m[35mALTER TABLE "reports" ADD CONSTRAINT "fk_rails_2608b92ec4"
FOREIGN KEY ("listing_id")
  REFERENCES "listings" ("id")
 /*application='WebtechRoomies'*/[0m
  [1m[35m (1.9ms)[0m  [1m[35mALTER TABLE "reports" ADD CONSTRAINT "fk_rails_cfe003e081"
FOREIGN KEY ("moderator_id")
  REFERENCES "users" ("id")
 /*application='WebtechRoomies'*/[0m
  [1m[35m (1.8ms)[0m  [1m[35mALTER TABLE "reports" ADD CONSTRAINT "fk_rails_3c5411f358"
FOREIGN KEY ("reproter_id")
  REFERENCES "users" ("id")
 /*application='WebtechRoomies'*/[0m
  [1m[35m (2.5ms)[0m  [1m[35mALTER TABLE "reviews" ADD CONSTRAINT "fk_rails_cb5be69465"
FOREIGN KEY ("property_id")
  REFERENCES "properties" ("id")
 /*application='WebtechRoomies'*/[0m
  [1m[35m (2.3ms)[0m  [1m[35mALTER TABLE "reviews" ADD CONSTRAINT "fk_rails_007031d9cb"
FOREIGN KEY ("reviewer_id")
  REFERENCES "users" ("id")
 /*application='WebtechRoomies'*/[0m
  [1m[35m (2.0ms)[0m  [1m[35mALTER TABLE "reviews" ADD CONSTRAINT "fk_rails_4477030b49"
FOREIGN KEY ("visit_id")
  REFERENCES "visits" ("id")
 /*application='WebtechRoomies'*/[0m
  [1m[35m (1.9ms)[0m  [1m[35mALTER TABLE "saved_listings" ADD CONSTRAINT "fk_rails_63efe8ab53"
FOREIGN KEY ("listing_id")
  REFERENCES "listings" ("id")
 /*application='WebtechRoomies'*/[0m
  [1m[35m (2.0ms)[0m  [1m[35mALTER TABLE "saved_listings" ADD CONSTRAINT "fk_rails_1a5b9f451a"
FOREIGN KEY ("user_id")
  REFERENCES "users" ("id")
 /*application='WebtechRoomies'*/[0m
  [1m[35m (2.4ms)[0m  [1m[35mALTER TABLE "visits" ADD CONSTRAINT "fk_rails_f5d2dde823"
FOREIGN KEY ("application_id")
  REFERENCES "applications" ("id")
 /*application='WebtechRoomies'*/[0m
  [1m[35m (3.0ms)[0m  [1m[35mCREATE TABLE "schema_migrations" ("version" character varying NOT NULL PRIMARY KEY) /*application='WebtechRoomies'*/[0m
  [1m[36mActiveRecord::SchemaMigration Load (0.6ms)[0m  [1m[34mSELECT "schema_migrations"."version" FROM "schema_migrations" ORDER BY "schema_migrations"."version" ASC /*application='WebtechRoomies'*/[0m
  [1m[35m (1.8ms)[0m  [1m[32mINSERT INTO "schema_migrations" (version) VALUES (20261004192010) /*application='WebtechRoomies'*/[0m
  [1m[35m (2.7ms)[0m  [1m[35mCREATE TABLE "ar_internal_metadata" ("key" character varying NOT NULL PRIMARY KEY, "value" character varying, "created_at" timestamp(6) NOT NULL, "updated_at" timestamp(6) NOT NULL) /*application='WebtechRoomies'*/[0m
  [1m[36mActiveRecord::InternalMetadata Load (0.7ms)[0m  [1m[34mSELECT * FROM "ar_internal_metadata" WHERE "ar_internal_metadata"."key" = 'environment' ORDER BY "ar_internal_metadata"."key" ASC LIMIT 1 /*application='WebtechRoomies'*/[0m
  [1m[36mActiveRecord::InternalMetadata Create (1.5ms)[0m  [1m[32mINSERT INTO "ar_internal_metadata" ("key", "value", "created_at", "updated_at") VALUES ('environment', 'development', '2026-10-05 01:04:53.583171', '2026-10-05 01:04:53.583173') RETURNING "key" /*application='WebtechRoomies'*/[0m
  [1m[36mActiveRecord::InternalMetadata Load (0.3ms)[0m  [1m[34mSELECT * FROM "ar_internal_metadata" WHERE "ar_internal_metadata"."key" = 'environment' ORDER BY "ar_internal_metadata"."key" ASC LIMIT 1 /*application='WebtechRoomies'*/[0m
  [1m[36mActiveRecord::InternalMetadata Load (0.2ms)[0m  [1m[34mSELECT * FROM "ar_internal_metadata" WHERE "ar_internal_metadata"."key" = 'schema_sha1' ORDER BY "ar_internal_metadata"."key" ASC LIMIT 1 /*application='WebtechRoomies'*/[0m
  [1m[36mActiveRecord::InternalMetadata Create (1.4ms)[0m  [1m[32mINSERT INTO "ar_internal_metadata" ("key", "value", "created_at", "updated_at") VALUES ('schema_sha1', '6c1a689985106cdf59db2558c1e7faa7033a751d', '2026-10-05 01:04:53.588508', '2026-10-05 01:04:53.588510') RETURNING "key" /*application='WebtechRoomies'*/[0m
  [1m[35m (0.3ms)[0m  [1m[34mSELECT pg_try_advisory_lock(752344604101426980) /*application='WebtechRoomies'*/[0m
  [1m[36mActiveRecord::SchemaMigration Load (0.3ms)[0m  [1m[34mSELECT "schema_migrations"."version" FROM "schema_migrations" ORDER BY "schema_migrations"."version" ASC /*application='WebtechRoomies'*/[0m
  [1m[36mActiveRecord::InternalMetadata Load (0.3ms)[0m  [1m[34mSELECT * FROM "ar_internal_metadata" WHERE "ar_internal_metadata"."key" = 'environment' ORDER BY "ar_internal_metadata"."key" ASC LIMIT 1 /*application='WebtechRoomies'*/[0m
Migrating to CreateUsers (20261005004528)
  [1m[36mTRANSACTION (0.2ms)[0m  [1m[35mBEGIN /*application='WebtechRoomies'*/[0m
  [1m[35m (1.5ms)[0m  [1m[35mCREATE TABLE "users" ("id" bigserial primary key, "email" character varying NOT NULL, "password_hash" character varying NOT NULL, "full_name" character varying NOT NULL, "phone" character varying, "role" character varying DEFAULT 'member' NOT NULL, "created_at" timestamp(6) NOT NULL) /*application='WebtechRoomies'*/[0m
  [1m[36mTRANSACTION (0.2ms)[0m  [1m[31mROLLBACK /*application='WebtechRoomies'*/[0m
  [1m[35m (0.2ms)[0m  [1m[34mSELECT pg_advisory_unlock(752344604101426980) /*application='WebtechRoomies'*/[0m
Using vips to process variants requires the libvips library. Please install libvips using the instructions on the libvips website.
  [1m[36mActiveRecord::SchemaMigration Load (0.5ms)[0m  [1m[34mSELECT "schema_migrations"."version" FROM "schema_migrations" ORDER BY "schema_migrations"."version" ASC /*application='WebtechRoomies'*/[0m
Using vips to process variants requires the libvips library. Please install libvips using the instructions on the libvips website.
  [1m[36mActiveRecord::SchemaMigration Load (1.0ms)[0m  [1m[34mSELECT "schema_migrations"."version" FROM "schema_migrations" ORDER BY "schema_migrations"."version" ASC /*application='WebtechRoomies'*/[0m
  [1m[36mActiveRecord::InternalMetadata Load (0.7ms)[0m  [1m[34mSELECT * FROM "ar_internal_metadata" WHERE "ar_internal_metadata"."key" = 'environment' ORDER BY "ar_internal_metadata"."key" ASC LIMIT 1 /*application='WebtechRoomies'*/[0m
  [1m[36mActiveRecord::SchemaMigration Load (0.3ms)[0m  [1m[34mSELECT "schema_migrations"."version" FROM "schema_migrations" ORDER BY "schema_migrations"."version" ASC /*application='WebtechRoomies'*/[0m
  [1m[36mActiveRecord::InternalMetadata Load (0.4ms)[0m  [1m[34mSELECT * FROM "ar_internal_metadata" WHERE "ar_internal_metadata"."key" = 'environment' ORDER BY "ar_internal_metadata"."key" ASC LIMIT 1 /*application='WebtechRoomies'*/[0m
  [1m[36mActiveRecord::SchemaMigration Load (0.3ms)[0m  [1m[34mSELECT "schema_migrations"."version" FROM "schema_migrations" ORDER BY "schema_migrations"."version" ASC /*application='WebtechRoomies'*/[0m
  [1m[36mActiveRecord::InternalMetadata Load (0.4ms)[0m  [1m[34mSELECT * FROM "ar_internal_metadata" WHERE "ar_internal_metadata"."key" = 'environment' ORDER BY "ar_internal_metadata"."key" ASC LIMIT 1 /*application='WebtechRoomies'*/[0m
  [1m[35mSQL (0.2ms)[0m  [1m[35mSET search_path TO public /*application='WebtechRoomies'*/[0m
  [1m[35m (227.0ms)[0m  [1m[35mDROP DATABASE IF EXISTS "webtech_roomies_development" /*application='WebtechRoomies'*/[0m
  [1m[35mSQL (0.2ms)[0m  [1m[35mSET search_path TO public /*application='WebtechRoomies'*/[0m
  [1m[35m (47.8ms)[0m  [1m[35mDROP DATABASE IF EXISTS "webtech_roomies_test" /*application='WebtechRoomies'*/[0m
  [1m[35mSQL (0.2ms)[0m  [1m[35mSET search_path TO public /*application='WebtechRoomies'*/[0m
  [1m[35m (53.2ms)[0m  [1m[35mCREATE DATABASE "webtech_roomies_development" ENCODING = 'unicode' /*application='WebtechRoomies'*/[0m
  [1m[35mSQL (0.2ms)[0m  [1m[35mSET search_path TO public /*application='WebtechRoomies'*/[0m
  [1m[35m (60.4ms)[0m  [1m[35mCREATE DATABASE "webtech_roomies_test" ENCODING = 'unicode' /*application='WebtechRoomies'*/[0m
  [1m[35mSQL (0.3ms)[0m  [1m[35mCREATE EXTENSION IF NOT EXISTS "plpgsql" SCHEMA pg_catalog /*application='WebtechRoomies'*/[0m
  [1m[35m (0.2ms)[0m  [1m[35mDROP TABLE IF EXISTS "amenities" CASCADE /*application='WebtechRoomies'*/[0m
  [1m[35m (4.7ms)[0m  [1m[35mCREATE TABLE "amenities" ("id" bigserial primary key, "name" character varying NOT NULL, "category" character varying NOT NULL) /*application='WebtechRoomies'*/[0m
  [1m[35m (0.3ms)[0m  [1m[35mDROP TABLE IF EXISTS "applications" CASCADE /*application='WebtechRoomies'*/[0m
  [1m[35m (2.9ms)[0m  [1m[35mCREATE TABLE "applications" ("id" bigserial primary key, "listing_id" bigint NOT NULL, "applicant_id" bigint NOT NULL, "message" text, "status" character varying DEFAULT 'pending' NOT NULL) /*application='WebtechRoomies'*/[0m
  [1m[35m (1.8ms)[0m  [1m[35mCREATE INDEX "index_applications_on_applicant_id" ON "applications" ("applicant_id") /*application='WebtechRoomies'*/[0m
  [1m[35m (1.9ms)[0m  [1m[35mCREATE INDEX "index_applications_on_listing_id" ON "applications" ("listing_id") /*application='WebtechRoomies'*/[0m
  [1m[35m (0.2ms)[0m  [1m[35mDROP TABLE IF EXISTS "listing_photos" CASCADE /*application='WebtechRoomies'*/[0m
  [1m[35m (2.5ms)[0m  [1m[35mCREATE TABLE "listing_photos" ("id" bigserial primary key, "listing_id" bigint NOT NULL, "image_url" integer NOT NULL, "is_main" boolean DEFAULT FALSE NOT NULL) /*application='WebtechRoomies'*/[0m
  [1m[35m (1.9ms)[0m  [1m[35mCREATE INDEX "index_listing_photos_on_listing_id" ON "listing_photos" ("listing_id") /*application='WebtechRoomies'*/[0m
  [1m[35m (0.3ms)[0m  [1m[35mDROP TABLE IF EXISTS "listings" CASCADE /*application='WebtechRoomies'*/[0m
  [1m[35m (3.2ms)[0m  [1m[35mCREATE TABLE "listings" ("id" bigserial primary key, "property_id" bigint NOT NULL, "title" character varying NOT NULL, "description" text, "monthly_rent" decimal NOT NULL, "status" character varying DEFAULT 'draft' NOT NULL, "created_at" timestamp(6) NOT NULL) /*application='WebtechRoomies'*/[0m
  [1m[35m (1.8ms)[0m  [1m[35mCREATE INDEX "index_listings_on_property_id" ON "listings" ("property_id") /*application='WebtechRoomies'*/[0m
  [1m[35m (0.3ms)[0m  [1m[35mDROP TABLE IF EXISTS "neighborhoods" CASCADE /*application='WebtechRoomies'*/[0m
  [1m[35m (2.8ms)[0m  [1m[35mCREATE TABLE "neighborhoods" ("id" bigserial primary key, "name" character varying NOT NULL, "city" character varying NOT NULL) /*application='WebtechRoomies'*/[0m
  [1m[35m (2.2ms)[0m  [1m[35mCREATE UNIQUE INDEX "index_neighborhoods_on_name_and_city" ON "neighborhoods" ("name", "city") /*application='WebtechRoomies'*/[0m
  [1m[35m (0.4ms)[0m  [1m[35mDROP TABLE IF EXISTS "properties" CASCADE /*application='WebtechRoomies'*/[0m
  [1m[35m (4.3ms)[0m  [1m[35mCREATE TABLE "properties" ("id" bigserial primary key, "owner_id" bigint NOT NULL, "neighborhood_id" bigint NOT NULL, "title" character varying NOT NULL, "address" character varying NOT NULL, "description" text, "bedrooms" integer NOT NULL, "bathrooms" integer NOT NULL, "shared_spaces" boolean DEFAULT TRUE, "created_at" timestamp(6) NOT NULL) /*application='WebtechRoomies'*/[0m
  [1m[35m (1.7ms)[0m  [1m[35mCREATE INDEX "index_properties_on_neighborhood_id" ON "properties" ("neighborhood_id") /*application='WebtechRoomies'*/[0m
  [1m[35m (1.7ms)[0m  [1m[35mCREATE INDEX "index_properties_on_owner_id" ON "properties" ("owner_id") /*application='WebtechRoomies'*/[0m
  [1m[35m (0.3ms)[0m  [1m[35mDROP TABLE IF EXISTS "property_amenities" CASCADE /*application='WebtechRoomies'*/[0m
  [1m[35m (2.5ms)[0m  [1m[35mCREATE TABLE "property_amenities" ("id" bigserial primary key, "property_id" bigint NOT NULL, "amenity_id" bigint NOT NULL) /*application='WebtechRoomies'*/[0m
  [1m[35m (2.0ms)[0m  [1m[35mCREATE INDEX "index_property_amenities_on_amenity_id" ON "property_amenities" ("amenity_id") /*application='WebtechRoomies'*/[0m
  [1m[35m (1.9ms)[0m  [1m[35mCREATE INDEX "index_property_amenities_on_property_id" ON "property_amenities" ("property_id") /*application='WebtechRoomies'*/[0m
  [1m[35m (0.3ms)[0m  [1m[35mDROP TABLE IF EXISTS "reports" CASCADE /*application='WebtechRoomies'*/[0m
  [1m[35m (2.9ms)[0m  [1m[35mCREATE TABLE "reports" ("id" bigserial primary key, "reproter_id" bigint NOT NULL, "listing_id" bigint NOT NULL, "reason" text NOT NULL, "status" character varying NOT NULL, "moderator_id" bigint, "moderator_notes" text, "created_at" timestamp(6) NOT NULL, "reviewed_at" timestamp(6)) /*application='WebtechRoomies'*/[0m
  [1m[35m (2.1ms)[0m  [1m[35mCREATE INDEX "index_reports_on_listing_id" ON "reports" ("listing_id") /*application='WebtechRoomies'*/[0m
  [1m[35m (1.6ms)[0m  [1m[35mCREATE INDEX "index_reports_on_moderator_id" ON "reports" ("moderator_id") /*application='WebtechRoomies'*/[0m
  [1m[35m (2.2ms)[0m  [1m[35mCREATE INDEX "index_reports_on_reproter_id" ON "reports" ("reproter_id") /*application='WebtechRoomies'*/[0m
  [1m[35m (0.3ms)[0m  [1m[35mDROP TABLE IF EXISTS "reviews" CASCADE /*application='WebtechRoomies'*/[0m
  [1m[35m (3.8ms)[0m  [1m[35mCREATE TABLE "reviews" ("id" bigserial primary key, "visit_id" bigint, "reviewer_id" bigint NOT NULL, "property_id" bigint NOT NULL, "rating" integer NOT NULL, "comment" text, "created_at" timestamp(6) NOT NULL) /*application='WebtechRoomies'*/[0m
  [1m[35m (1.7ms)[0m  [1m[35mCREATE INDEX "index_reviews_on_property_id" ON "reviews" ("property_id") /*application='WebtechRoomies'*/[0m
  [1m[35m (1.6ms)[0m  [1m[35mCREATE INDEX "index_reviews_on_reviewer_id" ON "reviews" ("reviewer_id") /*application='WebtechRoomies'*/[0m
  [1m[35m (22.6ms)[0m  [1m[35mCREATE UNIQUE INDEX "index_reviews_on_visit_id" ON "reviews" ("visit_id") /*application='WebtechRoomies'*/[0m
  [1m[35m (0.3ms)[0m  [1m[35mDROP TABLE IF EXISTS "saved_listings" CASCADE /*application='WebtechRoomies'*/[0m
  [1m[35m (14.9ms)[0m  [1m[35mCREATE TABLE "saved_listings" ("id" bigserial primary key, "user_id" bigint NOT NULL, "listing_id" bigint NOT NULL, "saved_at" timestamp(6) NOT NULL) /*application='WebtechRoomies'*/[0m
  [1m[35m (9.7ms)[0m  [1m[35mCREATE INDEX "index_saved_listings_on_listing_id" ON "saved_listings" ("listing_id") /*application='WebtechRoomies'*/[0m
  [1m[35m (2.0ms)[0m  [1m[35mCREATE INDEX "index_saved_listings_on_user_id" ON "saved_listings" ("user_id") /*application='WebtechRoomies'*/[0m
  [1m[35m (0.3ms)[0m  [1m[35mDROP TABLE IF EXISTS "users" CASCADE /*application='WebtechRoomies'*/[0m
  [1m[35m (3.2ms)[0m  [1m[35mCREATE TABLE "users" ("id" bigserial primary key, "email" character varying NOT NULL, "password_hash" character varying NOT NULL, "full_name" character varying NOT NULL, "phone" character varying, "role" character varying DEFAULT 'member' NOT NULL, "created_at" timestamp(6) NOT NULL) /*application='WebtechRoomies'*/[0m
  [1m[35m (4.6ms)[0m  [1m[35mCREATE UNIQUE INDEX "index_users_on_email" ON "users" ("email") /*application='WebtechRoomies'*/[0m
  [1m[35m (0.3ms)[0m  [1m[35mDROP TABLE IF EXISTS "visits" CASCADE /*application='WebtechRoomies'*/[0m
  [1m[35m (3.3ms)[0m  [1m[35mCREATE TABLE "visits" ("id" bigserial primary key, "application_id" bigint NOT NULL, "scheduled_at" timestamp(6) NOT NULL, "status" character varying NOT NULL, "notes" text) /*application='WebtechRoomies'*/[0m
  [1m[35m (1.8ms)[0m  [1m[35mCREATE INDEX "index_visits_on_application_id" ON "visits" ("application_id") /*application='WebtechRoomies'*/[0m
  [1m[35m (2.8ms)[0m  [1m[35mALTER TABLE "applications" ADD CONSTRAINT "fk_rails_2881ca5d4f"
FOREIGN KEY ("listing_id")
  REFERENCES "listings" ("id")
 /*application='WebtechRoomies'*/[0m
  [1m[35m (2.4ms)[0m  [1m[35mALTER TABLE "applications" ADD CONSTRAINT "fk_rails_df32bd9671"
FOREIGN KEY ("applicant_id")
  REFERENCES "users" ("id")
 /*application='WebtechRoomies'*/[0m
  [1m[35m (1.8ms)[0m  [1m[35mALTER TABLE "listing_photos" ADD CONSTRAINT "fk_rails_0f101060cd"
FOREIGN KEY ("listing_id")
  REFERENCES "listings" ("id")
 /*application='WebtechRoomies'*/[0m
  [1m[35m (1.9ms)[0m  [1m[35mALTER TABLE "listings" ADD CONSTRAINT "fk_rails_147f5eb13e"
FOREIGN KEY ("property_id")
  REFERENCES "properties" ("id")
 /*application='WebtechRoomies'*/[0m
  [1m[35m (1.9ms)[0m  [1m[35mALTER TABLE "properties" ADD CONSTRAINT "fk_rails_659aeb2874"
FOREIGN KEY ("neighborhood_id")
  REFERENCES "neighborhoods" ("id")
 /*application='WebtechRoomies'*/[0m
  [1m[35m (2.0ms)[0m  [1m[35mALTER TABLE "properties" ADD CONSTRAINT "fk_rails_45d6dffcf8"
FOREIGN KEY ("owner_id")
  REFERENCES "users" ("id")
 /*application='WebtechRoomies'*/[0m
  [1m[35m (2.0ms)[0m  [1m[35mALTER TABLE "property_amenities" ADD CONSTRAINT "fk_rails_f37dc1f85f"
FOREIGN KEY ("amenity_id")
  REFERENCES "amenities" ("id")
 /*application='WebtechRoomies'*/[0m
  [1m[35m (1.9ms)[0m  [1m[35mALTER TABLE "property_amenities" ADD CONSTRAINT "fk_rails_e71b8c80fc"
FOREIGN KEY ("property_id")
  REFERENCES "properties" ("id")
 /*application='WebtechRoomies'*/[0m
  [1m[35m (1.9ms)[0m  [1m[35mALTER TABLE "reports" ADD CONSTRAINT "fk_rails_2608b92ec4"
FOREIGN KEY ("listing_id")
  REFERENCES "listings" ("id")
 /*application='WebtechRoomies'*/[0m
  [1m[35m (1.8ms)[0m  [1m[35mALTER TABLE "reports" ADD CONSTRAINT "fk_rails_cfe003e081"
FOREIGN KEY ("moderator_id")
  REFERENCES "users" ("id")
 /*application='WebtechRoomies'*/[0m
  [1m[35m (1.7ms)[0m  [1m[35mALTER TABLE "reports" ADD CONSTRAINT "fk_rails_3c5411f358"
FOREIGN KEY ("reproter_id")
  REFERENCES "users" ("id")
 /*application='WebtechRoomies'*/[0m
  [1m[35m (2.4ms)[0m  [1m[35mALTER TABLE "reviews" ADD CONSTRAINT "fk_rails_cb5be69465"
FOREIGN KEY ("property_id")
  REFERENCES "properties" ("id")
 /*application='WebtechRoomies'*/[0m
  [1m[35m (1.9ms)[0m  [1m[35mALTER TABLE "reviews" ADD CONSTRAINT "fk_rails_007031d9cb"
FOREIGN KEY ("reviewer_id")
  REFERENCES "users" ("id")
 /*application='WebtechRoomies'*/[0m
  [1m[35m (1.9ms)[0m  [1m[35mALTER TABLE "reviews" ADD CONSTRAINT "fk_rails_4477030b49"
FOREIGN KEY ("visit_id")
  REFERENCES "visits" ("id")
 /*application='WebtechRoomies'*/[0m
  [1m[35m (2.2ms)[0m  [1m[35mALTER TABLE "saved_listings" ADD CONSTRAINT "fk_rails_63efe8ab53"
FOREIGN KEY ("listing_id")
  REFERENCES "listings" ("id")
 /*application='WebtechRoomies'*/[0m
  [1m[35m (2.0ms)[0m  [1m[35mALTER TABLE "saved_listings" ADD CONSTRAINT "fk_rails_1a5b9f451a"
FOREIGN KEY ("user_id")
  REFERENCES "users" ("id")
 /*application='WebtechRoomies'*/[0m
  [1m[35m (2.0ms)[0m  [1m[35mALTER TABLE "visits" ADD CONSTRAINT "fk_rails_f5d2dde823"
FOREIGN KEY ("application_id")
  REFERENCES "applications" ("id")
 /*application='WebtechRoomies'*/[0m
  [1m[35m (2.5ms)[0m  [1m[35mCREATE TABLE "schema_migrations" ("version" character varying NOT NULL PRIMARY KEY) /*application='WebtechRoomies'*/[0m
  [1m[36mActiveRecord::SchemaMigration Load (0.3ms)[0m  [1m[34mSELECT "schema_migrations"."version" FROM "schema_migrations" ORDER BY "schema_migrations"."version" ASC /*application='WebtechRoomies'*/[0m
  [1m[35m (1.3ms)[0m  [1m[32mINSERT INTO "schema_migrations" (version) VALUES (20261004192010) /*application='WebtechRoomies'*/[0m
  [1m[35m (2.5ms)[0m  [1m[35mCREATE TABLE "ar_internal_metadata" ("key" character varying NOT NULL PRIMARY KEY, "value" character varying, "created_at" timestamp(6) NOT NULL, "updated_at" timestamp(6) NOT NULL) /*application='WebtechRoomies'*/[0m
  [1m[36mActiveRecord::InternalMetadata Load (0.6ms)[0m  [1m[34mSELECT * FROM "ar_internal_metadata" WHERE "ar_internal_metadata"."key" = 'environment' ORDER BY "ar_internal_metadata"."key" ASC LIMIT 1 /*application='WebtechRoomies'*/[0m
  [1m[36mActiveRecord::InternalMetadata Create (1.3ms)[0m  [1m[32mINSERT INTO "ar_internal_metadata" ("key", "value", "created_at", "updated_at") VALUES ('environment', 'development', '2026-10-05 01:06:41.753643', '2026-10-05 01:06:41.753646') RETURNING "key" /*application='WebtechRoomies'*/[0m
  [1m[36mActiveRecord::InternalMetadata Load (0.2ms)[0m  [1m[34mSELECT * FROM "ar_internal_metadata" WHERE "ar_internal_metadata"."key" = 'environment' ORDER BY "ar_internal_metadata"."key" ASC LIMIT 1 /*application='WebtechRoomies'*/[0m
  [1m[36mActiveRecord::InternalMetadata Load (0.2ms)[0m  [1m[34mSELECT * FROM "ar_internal_metadata" WHERE "ar_internal_metadata"."key" = 'schema_sha1' ORDER BY "ar_internal_metadata"."key" ASC LIMIT 1 /*application='WebtechRoomies'*/[0m
  [1m[36mActiveRecord::InternalMetadata Create (1.5ms)[0m  [1m[32mINSERT INTO "ar_internal_metadata" ("key", "value", "created_at", "updated_at") VALUES ('schema_sha1', '6c1a689985106cdf59db2558c1e7faa7033a751d', '2026-10-05 01:06:41.759319', '2026-10-05 01:06:41.759322') RETURNING "key" /*application='WebtechRoomies'*/[0m
  [1m[35m (0.2ms)[0m  [1m[34mSELECT pg_try_advisory_lock(752344604101426980) /*application='WebtechRoomies'*/[0m
  [1m[36mActiveRecord::SchemaMigration Load (0.2ms)[0m  [1m[34mSELECT "schema_migrations"."version" FROM "schema_migrations" ORDER BY "schema_migrations"."version" ASC /*application='WebtechRoomies'*/[0m
  [1m[36mActiveRecord::InternalMetadata Load (0.3ms)[0m  [1m[34mSELECT * FROM "ar_internal_metadata" WHERE "ar_internal_metadata"."key" = 'environment' ORDER BY "ar_internal_metadata"."key" ASC LIMIT 1 /*application='WebtechRoomies'*/[0m
Migrating to CreateUsers (20261005004528)
  [1m[36mTRANSACTION (0.2ms)[0m  [1m[35mBEGIN /*application='WebtechRoomies'*/[0m
  [1m[35m (1.3ms)[0m  [1m[35mCREATE TABLE "users" ("id" bigserial primary key, "email" character varying NOT NULL, "password_hash" character varying NOT NULL, "full_name" character varying NOT NULL, "phone" character varying, "role" character varying DEFAULT 'member' NOT NULL, "created_at" timestamp(6) NOT NULL) /*application='WebtechRoomies'*/[0m
  [1m[36mTRANSACTION (0.2ms)[0m  [1m[31mROLLBACK /*application='WebtechRoomies'*/[0m
  [1m[35m (0.3ms)[0m  [1m[34mSELECT pg_advisory_unlock(752344604101426980) /*application='WebtechRoomies'*/[0m
Using vips to process variants requires the libvips library. Please install libvips using the instructions on the libvips website.
Using vips to process variants requires the libvips library. Please install libvips using the instructions on the libvips website.
  [1m[36mActiveRecord::SchemaMigration Load (0.7ms)[0m  [1m[34mSELECT "schema_migrations"."version" FROM "schema_migrations" ORDER BY "schema_migrations"."version" ASC /*application='WebtechRoomies'*/[0m
  [1m[36mActiveRecord::InternalMetadata Load (1.5ms)[0m  [1m[34mSELECT * FROM "ar_internal_metadata" WHERE "ar_internal_metadata"."key" = 'environment' ORDER BY "ar_internal_metadata"."key" ASC LIMIT 1 /*application='WebtechRoomies'*/[0m
  [1m[36mActiveRecord::SchemaMigration Load (0.2ms)[0m  [1m[34mSELECT "schema_migrations"."version" FROM "schema_migrations" ORDER BY "schema_migrations"."version" ASC /*application='WebtechRoomies'*/[0m
  [1m[36mActiveRecord::InternalMetadata Load (0.2ms)[0m  [1m[34mSELECT * FROM "ar_internal_metadata" WHERE "ar_internal_metadata"."key" = 'environment' ORDER BY "ar_internal_metadata"."key" ASC LIMIT 1 /*application='WebtechRoomies'*/[0m
  [1m[36mActiveRecord::SchemaMigration Load (0.2ms)[0m  [1m[34mSELECT "schema_migrations"."version" FROM "schema_migrations" ORDER BY "schema_migrations"."version" ASC /*application='WebtechRoomies'*/[0m
  [1m[36mActiveRecord::InternalMetadata Load (0.2ms)[0m  [1m[34mSELECT * FROM "ar_internal_metadata" WHERE "ar_internal_metadata"."key" = 'environment' ORDER BY "ar_internal_metadata"."key" ASC LIMIT 1 /*application='WebtechRoomies'*/[0m
  [1m[35mSQL (0.2ms)[0m  [1m[35mSET search_path TO public /*application='WebtechRoomies'*/[0m
  [1m[35m (203.5ms)[0m  [1m[35mDROP DATABASE IF EXISTS "webtech_roomies_development" /*application='WebtechRoomies'*/[0m
  [1m[35mSQL (0.2ms)[0m  [1m[35mSET search_path TO public /*application='WebtechRoomies'*/[0m
  [1m[35m (43.5ms)[0m  [1m[35mDROP DATABASE IF EXISTS "webtech_roomies_test" /*application='WebtechRoomies'*/[0m
  [1m[35mSQL (0.1ms)[0m  [1m[35mSET search_path TO public /*application='WebtechRoomies'*/[0m
  [1m[35m (46.9ms)[0m  [1m[35mCREATE DATABASE "webtech_roomies_development" ENCODING = 'unicode' /*application='WebtechRoomies'*/[0m
  [1m[35mSQL (0.3ms)[0m  [1m[35mSET search_path TO public /*application='WebtechRoomies'*/[0m
  [1m[35m (55.2ms)[0m  [1m[35mCREATE DATABASE "webtech_roomies_test" ENCODING = 'unicode' /*application='WebtechRoomies'*/[0m
  [1m[35mSQL (1.3ms)[0m  [1m[35mCREATE EXTENSION IF NOT EXISTS "plpgsql" SCHEMA pg_catalog /*application='WebtechRoomies'*/[0m
  [1m[35m (0.2ms)[0m  [1m[35mDROP TABLE IF EXISTS "amenities" CASCADE /*application='WebtechRoomies'*/[0m
  [1m[35m (6.4ms)[0m  [1m[35mCREATE TABLE "amenities" ("id" bigserial primary key, "name" character varying NOT NULL, "category" character varying NOT NULL) /*application='WebtechRoomies'*/[0m
  [1m[35m (0.3ms)[0m  [1m[35mDROP TABLE IF EXISTS "applications" CASCADE /*application='WebtechRoomies'*/[0m
  [1m[35m (2.5ms)[0m  [1m[35mCREATE TABLE "applications" ("id" bigserial primary key, "listing_id" bigint NOT NULL, "applicant_id" bigint NOT NULL, "message" text, "status" character varying DEFAULT 'pending' NOT NULL) /*application='WebtechRoomies'*/[0m
  [1m[35m (1.8ms)[0m  [1m[35mCREATE INDEX "index_applications_on_applicant_id" ON "applications" ("applicant_id") /*application='WebtechRoomies'*/[0m
  [1m[35m (1.7ms)[0m  [1m[35mCREATE INDEX "index_applications_on_listing_id" ON "applications" ("listing_id") /*application='WebtechRoomies'*/[0m
  [1m[35m (0.2ms)[0m  [1m[35mDROP TABLE IF EXISTS "listing_photos" CASCADE /*application='WebtechRoomies'*/[0m
  [1m[35m (2.4ms)[0m  [1m[35mCREATE TABLE "listing_photos" ("id" bigserial primary key, "listing_id" bigint NOT NULL, "image_url" integer NOT NULL, "is_main" boolean DEFAULT FALSE NOT NULL) /*application='WebtechRoomies'*/[0m
  [1m[35m (1.7ms)[0m  [1m[35mCREATE INDEX "index_listing_photos_on_listing_id" ON "listing_photos" ("listing_id") /*application='WebtechRoomies'*/[0m
  [1m[35m (0.2ms)[0m  [1m[35mDROP TABLE IF EXISTS "listings" CASCADE /*application='WebtechRoomies'*/[0m
  [1m[35m (2.8ms)[0m  [1m[35mCREATE TABLE "listings" ("id" bigserial primary key, "property_id" bigint NOT NULL, "title" character varying NOT NULL, "description" text, "monthly_rent" decimal NOT NULL, "status" character varying DEFAULT 'draft' NOT NULL, "created_at" timestamp(6) NOT NULL) /*application='WebtechRoomies'*/[0m
  [1m[35m (2.1ms)[0m  [1m[35mCREATE INDEX "index_listings_on_property_id" ON "listings" ("property_id") /*application='WebtechRoomies'*/[0m
  [1m[35m (0.2ms)[0m  [1m[35mDROP TABLE IF EXISTS "neighborhoods" CASCADE /*application='WebtechRoomies'*/[0m
  [1m[35m (2.7ms)[0m  [1m[35mCREATE TABLE "neighborhoods" ("id" bigserial primary key, "name" character varying NOT NULL, "city" character varying NOT NULL) /*application='WebtechRoomies'*/[0m
  [1m[35m (2.0ms)[0m  [1m[35mCREATE UNIQUE INDEX "index_neighborhoods_on_name_and_city" ON "neighborhoods" ("name", "city") /*application='WebtechRoomies'*/[0m
  [1m[35m (0.2ms)[0m  [1m[35mDROP TABLE IF EXISTS "properties" CASCADE /*application='WebtechRoomies'*/[0m
  [1m[35m (3.3ms)[0m  [1m[35mCREATE TABLE "properties" ("id" bigserial primary key, "owner_id" bigint NOT NULL, "neighborhood_id" bigint NOT NULL, "title" character varying NOT NULL, "address" character varying NOT NULL, "description" text, "bedrooms" integer NOT NULL, "bathrooms" integer NOT NULL, "shared_spaces" boolean DEFAULT TRUE, "created_at" timestamp(6) NOT NULL) /*application='WebtechRoomies'*/[0m
  [1m[35m (2.1ms)[0m  [1m[35mCREATE INDEX "index_properties_on_neighborhood_id" ON "properties" ("neighborhood_id") /*application='WebtechRoomies'*/[0m
  [1m[35m (2.1ms)[0m  [1m[35mCREATE INDEX "index_properties_on_owner_id" ON "properties" ("owner_id") /*application='WebtechRoomies'*/[0m
  [1m[35m (0.3ms)[0m  [1m[35mDROP TABLE IF EXISTS "property_amenities" CASCADE /*application='WebtechRoomies'*/[0m
  [1m[35m (2.8ms)[0m  [1m[35mCREATE TABLE "property_amenities" ("id" bigserial primary key, "property_id" bigint NOT NULL, "amenity_id" bigint NOT NULL) /*application='WebtechRoomies'*/[0m
  [1m[35m (1.7ms)[0m  [1m[35mCREATE INDEX "index_property_amenities_on_amenity_id" ON "property_amenities" ("amenity_id") /*application='WebtechRoomies'*/[0m
  [1m[35m (1.8ms)[0m  [1m[35mCREATE INDEX "index_property_amenities_on_property_id" ON "property_amenities" ("property_id") /*application='WebtechRoomies'*/[0m
  [1m[35m (0.2ms)[0m  [1m[35mDROP TABLE IF EXISTS "reports" CASCADE /*application='WebtechRoomies'*/[0m
  [1m[35m (2.7ms)[0m  [1m[35mCREATE TABLE "reports" ("id" bigserial primary key, "reproter_id" bigint NOT NULL, "listing_id" bigint NOT NULL, "reason" text NOT NULL, "status" character varying NOT NULL, "moderator_id" bigint, "moderator_notes" text, "created_at" timestamp(6) NOT NULL, "reviewed_at" timestamp(6)) /*application='WebtechRoomies'*/[0m
  [1m[35m (1.9ms)[0m  [1m[35mCREATE INDEX "index_reports_on_listing_id" ON "reports" ("listing_id") /*application='WebtechRoomies'*/[0m
  [1m[35m (2.2ms)[0m  [1m[35mCREATE INDEX "index_reports_on_moderator_id" ON "reports" ("moderator_id") /*application='WebtechRoomies'*/[0m
  [1m[35m (1.7ms)[0m  [1m[35mCREATE INDEX "index_reports_on_reproter_id" ON "reports" ("reproter_id") /*application='WebtechRoomies'*/[0m
  [1m[35m (0.2ms)[0m  [1m[35mDROP TABLE IF EXISTS "reviews" CASCADE /*application='WebtechRoomies'*/[0m
  [1m[35m (3.0ms)[0m  [1m[35mCREATE TABLE "reviews" ("id" bigserial primary key, "visit_id" bigint, "reviewer_id" bigint NOT NULL, "property_id" bigint NOT NULL, "rating" integer NOT NULL, "comment" text, "created_at" timestamp(6) NOT NULL) /*application='WebtechRoomies'*/[0m
  [1m[35m (2.1ms)[0m  [1m[35mCREATE INDEX "index_reviews_on_property_id" ON "reviews" ("property_id") /*application='WebtechRoomies'*/[0m
  [1m[35m (2.1ms)[0m  [1m[35mCREATE INDEX "index_reviews_on_reviewer_id" ON "reviews" ("reviewer_id") /*application='WebtechRoomies'*/[0m
  [1m[35m (2.0ms)[0m  [1m[35mCREATE UNIQUE INDEX "index_reviews_on_visit_id" ON "reviews" ("visit_id") /*application='WebtechRoomies'*/[0m
  [1m[35m (0.3ms)[0m  [1m[35mDROP TABLE IF EXISTS "saved_listings" CASCADE /*application='WebtechRoomies'*/[0m
  [1m[35m (2.6ms)[0m  [1m[35mCREATE TABLE "saved_listings" ("id" bigserial primary key, "user_id" bigint NOT NULL, "listing_id" bigint NOT NULL, "saved_at" timestamp(6) NOT NULL) /*application='WebtechRoomies'*/[0m
  [1m[35m (2.2ms)[0m  [1m[35mCREATE INDEX "index_saved_listings_on_listing_id" ON "saved_listings" ("listing_id") /*application='WebtechRoomies'*/[0m
  [1m[35m (2.1ms)[0m  [1m[35mCREATE INDEX "index_saved_listings_on_user_id" ON "saved_listings" ("user_id") /*application='WebtechRoomies'*/[0m
  [1m[35m (0.3ms)[0m  [1m[35mDROP TABLE IF EXISTS "users" CASCADE /*application='WebtechRoomies'*/[0m
  [1m[35m (2.4ms)[0m  [1m[35mCREATE TABLE "users" ("id" bigserial primary key, "email" character varying NOT NULL, "password_hash" character varying NOT NULL, "full_name" character varying NOT NULL, "phone" character varying, "role" character varying DEFAULT 'member' NOT NULL, "created_at" timestamp(6) NOT NULL) /*application='WebtechRoomies'*/[0m
  [1m[35m (2.1ms)[0m  [1m[35mCREATE UNIQUE INDEX "index_users_on_email" ON "users" ("email") /*application='WebtechRoomies'*/[0m
  [1m[35m (0.2ms)[0m  [1m[35mDROP TABLE IF EXISTS "visits" CASCADE /*application='WebtechRoomies'*/[0m
  [1m[35m (2.5ms)[0m  [1m[35mCREATE TABLE "visits" ("id" bigserial primary key, "application_id" bigint NOT NULL, "scheduled_at" timestamp(6) NOT NULL, "status" character varying NOT NULL, "notes" text) /*application='WebtechRoomies'*/[0m
  [1m[35m (1.5ms)[0m  [1m[35mCREATE INDEX "index_visits_on_application_id" ON "visits" ("application_id") /*application='WebtechRoomies'*/[0m
  [1m[35m (4.7ms)[0m  [1m[35mALTER TABLE "applications" ADD CONSTRAINT "fk_rails_2881ca5d4f"
FOREIGN KEY ("listing_id")
  REFERENCES "listings" ("id")
 /*application='WebtechRoomies'*/[0m
  [1m[35m (2.3ms)[0m  [1m[35mALTER TABLE "applications" ADD CONSTRAINT "fk_rails_df32bd9671"
FOREIGN KEY ("applicant_id")
  REFERENCES "users" ("id")
 /*application='WebtechRoomies'*/[0m
  [1m[35m (2.9ms)[0m  [1m[35mALTER TABLE "listing_photos" ADD CONSTRAINT "fk_rails_0f101060cd"
FOREIGN KEY ("listing_id")
  REFERENCES "listings" ("id")
 /*application='WebtechRoomies'*/[0m
  [1m[35m (2.5ms)[0m  [1m[35mALTER TABLE "listings" ADD CONSTRAINT "fk_rails_147f5eb13e"
FOREIGN KEY ("property_id")
  REFERENCES "properties" ("id")
 /*application='WebtechRoomies'*/[0m
  [1m[35m (2.4ms)[0m  [1m[35mALTER TABLE "properties" ADD CONSTRAINT "fk_rails_659aeb2874"
FOREIGN KEY ("neighborhood_id")
  REFERENCES "neighborhoods" ("id")
 /*application='WebtechRoomies'*/[0m
  [1m[35m (2.7ms)[0m  [1m[35mALTER TABLE "properties" ADD CONSTRAINT "fk_rails_45d6dffcf8"
FOREIGN KEY ("owner_id")
  REFERENCES "users" ("id")
 /*application='WebtechRoomies'*/[0m
  [1m[35m (2.3ms)[0m  [1m[35mALTER TABLE "property_amenities" ADD CONSTRAINT "fk_rails_f37dc1f85f"
FOREIGN KEY ("amenity_id")
  REFERENCES "amenities" ("id")
 /*application='WebtechRoomies'*/[0m
  [1m[35m (2.0ms)[0m  [1m[35mALTER TABLE "property_amenities" ADD CONSTRAINT "fk_rails_e71b8c80fc"
FOREIGN KEY ("property_id")
  REFERENCES "properties" ("id")
 /*application='WebtechRoomies'*/[0m
  [1m[35m (2.4ms)[0m  [1m[35mALTER TABLE "reports" ADD CONSTRAINT "fk_rails_2608b92ec4"
FOREIGN KEY ("listing_id")
  REFERENCES "listings" ("id")
 /*application='WebtechRoomies'*/[0m
  [1m[35m (2.4ms)[0m  [1m[35mALTER TABLE "reports" ADD CONSTRAINT "fk_rails_cfe003e081"
FOREIGN KEY ("moderator_id")
  REFERENCES "users" ("id")
 /*application='WebtechRoomies'*/[0m
  [1m[35m (2.2ms)[0m  [1m[35mALTER TABLE "reports" ADD CONSTRAINT "fk_rails_3c5411f358"
FOREIGN KEY ("reproter_id")
  REFERENCES "users" ("id")
 /*application='WebtechRoomies'*/[0m
  [1m[35m (2.4ms)[0m  [1m[35mALTER TABLE "reviews" ADD CONSTRAINT "fk_rails_cb5be69465"
FOREIGN KEY ("property_id")
  REFERENCES "properties" ("id")
 /*application='WebtechRoomies'*/[0m
  [1m[35m (2.7ms)[0m  [1m[35mALTER TABLE "reviews" ADD CONSTRAINT "fk_rails_007031d9cb"
FOREIGN KEY ("reviewer_id")
  REFERENCES "users" ("id")
 /*application='WebtechRoomies'*/[0m
  [1m[35m (2.3ms)[0m  [1m[35mALTER TABLE "reviews" ADD CONSTRAINT "fk_rails_4477030b49"
FOREIGN KEY ("visit_id")
  REFERENCES "visits" ("id")
 /*application='WebtechRoomies'*/[0m
  [1m[35m (1.9ms)[0m  [1m[35mALTER TABLE "saved_listings" ADD CONSTRAINT "fk_rails_63efe8ab53"
FOREIGN KEY ("listing_id")
  REFERENCES "listings" ("id")
 /*application='WebtechRoomies'*/[0m
  [1m[35m (1.7ms)[0m  [1m[35mALTER TABLE "saved_listings" ADD CONSTRAINT "fk_rails_1a5b9f451a"
FOREIGN KEY ("user_id")
  REFERENCES "users" ("id")
 /*application='WebtechRoomies'*/[0m
  [1m[35m (2.1ms)[0m  [1m[35mALTER TABLE "visits" ADD CONSTRAINT "fk_rails_f5d2dde823"
FOREIGN KEY ("application_id")
  REFERENCES "applications" ("id")
 /*application='WebtechRoomies'*/[0m
  [1m[35m (2.4ms)[0m  [1m[35mCREATE TABLE "schema_migrations" ("version" character varying NOT NULL PRIMARY KEY) /*application='WebtechRoomies'*/[0m
  [1m[36mActiveRecord::SchemaMigration Load (0.3ms)[0m  [1m[34mSELECT "schema_migrations"."version" FROM "schema_migrations" ORDER BY "schema_migrations"."version" ASC /*application='WebtechRoomies'*/[0m
  [1m[35m (1.2ms)[0m  [1m[32mINSERT INTO "schema_migrations" (version) VALUES (20261004192010) /*application='WebtechRoomies'*/[0m
  [1m[35m (2.4ms)[0m  [1m[35mCREATE TABLE "ar_internal_metadata" ("key" character varying NOT NULL PRIMARY KEY, "value" character varying, "created_at" timestamp(6) NOT NULL, "updated_at" timestamp(6) NOT NULL) /*application='WebtechRoomies'*/[0m
  [1m[36mActiveRecord::InternalMetadata Load (0.5ms)[0m  [1m[34mSELECT * FROM "ar_internal_metadata" WHERE "ar_internal_metadata"."key" = 'environment' ORDER BY "ar_internal_metadata"."key" ASC LIMIT 1 /*application='WebtechRoomies'*/[0m
  [1m[36mActiveRecord::InternalMetadata Create (1.4ms)[0m  [1m[32mINSERT INTO "ar_internal_metadata" ("key", "value", "created_at", "updated_at") VALUES ('environment', 'development', '2026-10-05 01:11:12.843079', '2026-10-05 01:11:12.843081') RETURNING "key" /*application='WebtechRoomies'*/[0m
  [1m[36mActiveRecord::InternalMetadata Load (0.2ms)[0m  [1m[34mSELECT * FROM "ar_internal_metadata" WHERE "ar_internal_metadata"."key" = 'environment' ORDER BY "ar_internal_metadata"."key" ASC LIMIT 1 /*application='WebtechRoomies'*/[0m
  [1m[36mActiveRecord::InternalMetadata Load (0.2ms)[0m  [1m[34mSELECT * FROM "ar_internal_metadata" WHERE "ar_internal_metadata"."key" = 'schema_sha1' ORDER BY "ar_internal_metadata"."key" ASC LIMIT 1 /*application='WebtechRoomies'*/[0m
  [1m[36mActiveRecord::InternalMetadata Create (1.3ms)[0m  [1m[32mINSERT INTO "ar_internal_metadata" ("key", "value", "created_at", "updated_at") VALUES ('schema_sha1', '6c1a689985106cdf59db2558c1e7faa7033a751d', '2026-10-05 01:11:12.849326', '2026-10-05 01:11:12.849329') RETURNING "key" /*application='WebtechRoomies'*/[0m
  [1m[35m (0.2ms)[0m  [1m[34mSELECT pg_try_advisory_lock(752344604101426980) /*application='WebtechRoomies'*/[0m
  [1m[36mActiveRecord::SchemaMigration Load (0.2ms)[0m  [1m[34mSELECT "schema_migrations"."version" FROM "schema_migrations" ORDER BY "schema_migrations"."version" ASC /*application='WebtechRoomies'*/[0m
  [1m[36mActiveRecord::InternalMetadata Load (0.2ms)[0m  [1m[34mSELECT * FROM "ar_internal_metadata" WHERE "ar_internal_metadata"."key" = 'environment' ORDER BY "ar_internal_metadata"."key" ASC LIMIT 1 /*application='WebtechRoomies'*/[0m
Migrating to CreateUsers (20261005004528)
  [1m[36mTRANSACTION (0.1ms)[0m  [1m[35mBEGIN /*application='WebtechRoomies'*/[0m
  [1m[35m (1.6ms)[0m  [1m[35mCREATE TABLE "users" ("id" bigserial primary key, "email" character varying NOT NULL, "password_hash" character varying NOT NULL, "full_name" character varying NOT NULL, "phone" character varying, "role" character varying DEFAULT 'member' NOT NULL, "created_at" timestamp(6) NOT NULL) /*application='WebtechRoomies'*/[0m
  [1m[36mTRANSACTION (0.3ms)[0m  [1m[31mROLLBACK /*application='WebtechRoomies'*/[0m
  [1m[35m (0.4ms)[0m  [1m[34mSELECT pg_advisory_unlock(752344604101426980) /*application='WebtechRoomies'*/[0m
Using vips to process variants requires the libvips library. Please install libvips using the instructions on the libvips website.
  [1m[36mActiveRecord::SchemaMigration Load (0.6ms)[0m  [1m[34mSELECT "schema_migrations"."version" FROM "schema_migrations" ORDER BY "schema_migrations"."version" ASC /*application='WebtechRoomies'*/[0m
  [1m[36mActiveRecord::InternalMetadata Load (1.4ms)[0m  [1m[34mSELECT * FROM "ar_internal_metadata" WHERE "ar_internal_metadata"."key" = 'environment' ORDER BY "ar_internal_metadata"."key" ASC LIMIT 1 /*application='WebtechRoomies'*/[0m
  [1m[36mActiveRecord::SchemaMigration Load (0.2ms)[0m  [1m[34mSELECT "schema_migrations"."version" FROM "schema_migrations" ORDER BY "schema_migrations"."version" ASC /*application='WebtechRoomies'*/[0m
  [1m[36mActiveRecord::InternalMetadata Load (0.3ms)[0m  [1m[34mSELECT * FROM "ar_internal_metadata" WHERE "ar_internal_metadata"."key" = 'environment' ORDER BY "ar_internal_metadata"."key" ASC LIMIT 1 /*application='WebtechRoomies'*/[0m
  [1m[36mActiveRecord::SchemaMigration Load (0.2ms)[0m  [1m[34mSELECT "schema_migrations"."version" FROM "schema_migrations" ORDER BY "schema_migrations"."version" ASC /*application='WebtechRoomies'*/[0m
  [1m[36mActiveRecord::InternalMetadata Load (0.2ms)[0m  [1m[34mSELECT * FROM "ar_internal_metadata" WHERE "ar_internal_metadata"."key" = 'environment' ORDER BY "ar_internal_metadata"."key" ASC LIMIT 1 /*application='WebtechRoomies'*/[0m
  [1m[35mSQL (0.2ms)[0m  [1m[35mSET search_path TO public /*application='WebtechRoomies'*/[0m
  [1m[35m (189.0ms)[0m  [1m[35mDROP DATABASE IF EXISTS "webtech_roomies_development" /*application='WebtechRoomies'*/[0m
  [1m[35mSQL (0.2ms)[0m  [1m[35mSET search_path TO public /*application='WebtechRoomies'*/[0m
  [1m[35m (42.7ms)[0m  [1m[35mDROP DATABASE IF EXISTS "webtech_roomies_test" /*application='WebtechRoomies'*/[0m
  [1m[35mSQL (0.1ms)[0m  [1m[35mSET search_path TO public /*application='WebtechRoomies'*/[0m
  [1m[35m (50.1ms)[0m  [1m[35mCREATE DATABASE "webtech_roomies_development" ENCODING = 'unicode' /*application='WebtechRoomies'*/[0m
  [1m[35mSQL (0.2ms)[0m  [1m[35mSET search_path TO public /*application='WebtechRoomies'*/[0m
  [1m[35m (50.9ms)[0m  [1m[35mCREATE DATABASE "webtech_roomies_test" ENCODING = 'unicode' /*application='WebtechRoomies'*/[0m
Using vips to process variants requires the libvips library. Please install libvips using the instructions on the libvips website.
Using vips to process variants requires the libvips library. Please install libvips using the instructions on the libvips website.
  [1m[35m (13.5ms)[0m  [1m[35mCREATE TABLE "schema_migrations" ("version" character varying NOT NULL PRIMARY KEY) /*application='WebtechRoomies'*/[0m
  [1m[35m (2.1ms)[0m  [1m[35mCREATE TABLE "ar_internal_metadata" ("key" character varying NOT NULL PRIMARY KEY, "value" character varying, "created_at" timestamp(6) NOT NULL, "updated_at" timestamp(6) NOT NULL) /*application='WebtechRoomies'*/[0m
  [1m[35m (0.2ms)[0m  [1m[34mSELECT pg_try_advisory_lock(752344604101426980) /*application='WebtechRoomies'*/[0m
  [1m[36mActiveRecord::SchemaMigration Load (0.7ms)[0m  [1m[34mSELECT "schema_migrations"."version" FROM "schema_migrations" ORDER BY "schema_migrations"."version" ASC /*application='WebtechRoomies'*/[0m
  [1m[36mActiveRecord::InternalMetadata Load (0.5ms)[0m  [1m[34mSELECT * FROM "ar_internal_metadata" WHERE "ar_internal_metadata"."key" = 'environment' ORDER BY "ar_internal_metadata"."key" ASC LIMIT 1 /*application='WebtechRoomies'*/[0m
  [1m[36mActiveRecord::InternalMetadata Create (1.7ms)[0m  [1m[32mINSERT INTO "ar_internal_metadata" ("key", "value", "created_at", "updated_at") VALUES ('environment', 'development', '2026-10-05 01:12:26.493037', '2026-10-05 01:12:26.493040') RETURNING "key" /*application='WebtechRoomies'*/[0m
Migrating to CreateUsers (20261005004528)
  [1m[36mTRANSACTION (0.2ms)[0m  [1m[35mBEGIN /*application='WebtechRoomies'*/[0m
  [1m[35m (2.4ms)[0m  [1m[35mCREATE TABLE "users" ("id" bigserial primary key, "email" character varying NOT NULL, "password_hash" character varying NOT NULL, "full_name" character varying NOT NULL, "phone" character varying, "role" character varying DEFAULT 'member' NOT NULL, "created_at" timestamp(6) NOT NULL) /*application='WebtechRoomies'*/[0m
  [1m[35m (0.6ms)[0m  [1m[35mCREATE UNIQUE INDEX "index_users_on_email" ON "users" ("email") /*application='WebtechRoomies'*/[0m
  [1m[36mActiveRecord::SchemaMigration Create (0.3ms)[0m  [1m[32mINSERT INTO "schema_migrations" ("version") VALUES ('20261005004528') RETURNING "version" /*application='WebtechRoomies'*/[0m
  [1m[36mTRANSACTION (1.8ms)[0m  [1m[35mCOMMIT /*application='WebtechRoomies'*/[0m
Migrating to CreateNeighborhoods (20261005004536)
  [1m[36mTRANSACTION (0.3ms)[0m  [1m[35mBEGIN /*application='WebtechRoomies'*/[0m
  [1m[35m (2.2ms)[0m  [1m[35mCREATE TABLE "neighborhoods" ("id" bigserial primary key, "name" character varying NOT NULL, "city" character varying NOT NULL) /*application='WebtechRoomies'*/[0m
  [1m[35m (0.5ms)[0m  [1m[35mCREATE UNIQUE INDEX "index_neighborhoods_on_name_and_city" ON "neighborhoods" ("name", "city") /*application='WebtechRoomies'*/[0m
  [1m[36mActiveRecord::SchemaMigration Create (0.3ms)[0m  [1m[32mINSERT INTO "schema_migrations" ("version") VALUES ('20261005004536') RETURNING "version" /*application='WebtechRoomies'*/[0m
  [1m[36mTRANSACTION (1.6ms)[0m  [1m[35mCOMMIT /*application='WebtechRoomies'*/[0m
Migrating to CreateAmenities (20261005004542)
  [1m[36mTRANSACTION (0.2ms)[0m  [1m[35mBEGIN /*application='WebtechRoomies'*/[0m
  [1m[35m (2.3ms)[0m  [1m[35mCREATE TABLE "amenities" ("id" bigserial primary key, "name" character varying NOT NULL, "category" character varying NOT NULL) /*application='WebtechRoomies'*/[0m
  [1m[36mActiveRecord::SchemaMigration Create (0.3ms)[0m  [1m[32mINSERT INTO "schema_migrations" ("version") VALUES ('20261005004542') RETURNING "version" /*application='WebtechRoomies'*/[0m
  [1m[36mTRANSACTION (1.3ms)[0m  [1m[35mCOMMIT /*application='WebtechRoomies'*/[0m
Migrating to CreateProperties (20261005004547)
  [1m[36mTRANSACTION (0.3ms)[0m  [1m[35mBEGIN /*application='WebtechRoomies'*/[0m
  [1m[35m (4.2ms)[0m  [1m[35mCREATE TABLE "properties" ("id" bigserial primary key, "owner_id" bigint NOT NULL, "neighborhood_id" bigint NOT NULL, "title" character varying NOT NULL, "address" character varying NOT NULL, "description" text, "bedrooms" integer NOT NULL, "bathrooms" integer NOT NULL, "shared_spaces" boolean DEFAULT TRUE, "created_at" timestamp(6) NOT NULL, CONSTRAINT "fk_rails_45d6dffcf8"
FOREIGN KEY ("owner_id")
  REFERENCES "users" ("id")
, CONSTRAINT "fk_rails_659aeb2874"
FOREIGN KEY ("neighborhood_id")
  REFERENCES "neighborhoods" ("id")
) /*application='WebtechRoomies'*/[0m
  [1m[35m (1.2ms)[0m  [1m[35mCREATE INDEX "index_properties_on_owner_id" ON "properties" ("owner_id") /*application='WebtechRoomies'*/[0m
  [1m[35m (0.5ms)[0m  [1m[35mCREATE INDEX "index_properties_on_neighborhood_id" ON "properties" ("neighborhood_id") /*application='WebtechRoomies'*/[0m
  [1m[36mActiveRecord::SchemaMigration Create (0.2ms)[0m  [1m[32mINSERT INTO "schema_migrations" ("version") VALUES ('20261005004547') RETURNING "version" /*application='WebtechRoomies'*/[0m
  [1m[36mTRANSACTION (1.8ms)[0m  [1m[35mCOMMIT /*application='WebtechRoomies'*/[0m
Migrating to CreateListings (20261005004553)
  [1m[36mTRANSACTION (0.3ms)[0m  [1m[35mBEGIN /*application='WebtechRoomies'*/[0m
  [1m[35m (1.9ms)[0m  [1m[35mCREATE TABLE "listings" ("id" bigserial primary key, "property_id" bigint NOT NULL, "title" character varying NOT NULL, "description" text, "monthly_rent" decimal NOT NULL, "available_from" date NOT NULL, "status" character varying DEFAULT 'draft' NOT NULL, "created_at" timestamp(6) NOT NULL, CONSTRAINT "fk_rails_147f5eb13e"
FOREIGN KEY ("property_id")
  REFERENCES "properties" ("id")
) /*application='WebtechRoomies'*/[0m
  [1m[35m (0.5ms)[0m  [1m[35mCREATE INDEX "index_listings_on_property_id" ON "listings" ("property_id") /*application='WebtechRoomies'*/[0m
  [1m[36mActiveRecord::SchemaMigration Create (0.4ms)[0m  [1m[32mINSERT INTO "schema_migrations" ("version") VALUES ('20261005004553') RETURNING "version" /*application='WebtechRoomies'*/[0m
  [1m[36mTRANSACTION (1.4ms)[0m  [1m[35mCOMMIT /*application='WebtechRoomies'*/[0m
Migrating to CreateListingPhotos (20261005004554)
  [1m[36mTRANSACTION (0.3ms)[0m  [1m[35mBEGIN /*application='WebtechRoomies'*/[0m
  [1m[35m (1.7ms)[0m  [1m[35mCREATE TABLE "listing_photos" ("id" bigserial primary key, "listing_id" bigint NOT NULL, "image_url" character varying NOT NULL, "is_main" boolean DEFAULT FALSE NOT NULL, CONSTRAINT "fk_rails_0f101060cd"
FOREIGN KEY ("listing_id")
  REFERENCES "listings" ("id")
) /*application='WebtechRoomies'*/[0m
  [1m[35m (0.4ms)[0m  [1m[35mCREATE INDEX "index_listing_photos_on_listing_id" ON "listing_photos" ("listing_id") /*application='WebtechRoomies'*/[0m
  [1m[36mActiveRecord::SchemaMigration Create (0.2ms)[0m  [1m[32mINSERT INTO "schema_migrations" ("version") VALUES ('20261005004554') RETURNING "version" /*application='WebtechRoomies'*/[0m
  [1m[36mTRANSACTION (1.5ms)[0m  [1m[35mCOMMIT /*application='WebtechRoomies'*/[0m
Migrating to CreatePropertyAmenities (20261005004555)
  [1m[36mTRANSACTION (0.2ms)[0m  [1m[35mBEGIN /*application='WebtechRoomies'*/[0m
  [1m[35m (2.7ms)[0m  [1m[35mCREATE TABLE "property_amenities" ("id" bigserial primary key, "property_id" bigint NOT NULL, "amenity_id" bigint NOT NULL, CONSTRAINT "fk_rails_e71b8c80fc"
FOREIGN KEY ("property_id")
  REFERENCES "properties" ("id")
, CONSTRAINT "fk_rails_f37dc1f85f"
FOREIGN KEY ("amenity_id")
  REFERENCES "amenities" ("id")
) /*application='WebtechRoomies'*/[0m
  [1m[35m (0.5ms)[0m  [1m[35mCREATE INDEX "index_property_amenities_on_property_id" ON "property_amenities" ("property_id") /*application='WebtechRoomies'*/[0m
  [1m[35m (0.5ms)[0m  [1m[35mCREATE INDEX "index_property_amenities_on_amenity_id" ON "property_amenities" ("amenity_id") /*application='WebtechRoomies'*/[0m
  [1m[36mActiveRecord::SchemaMigration Create (0.2ms)[0m  [1m[32mINSERT INTO "schema_migrations" ("version") VALUES ('20261005004555') RETURNING "version" /*application='WebtechRoomies'*/[0m
  [1m[36mTRANSACTION (1.3ms)[0m  [1m[35mCOMMIT /*application='WebtechRoomies'*/[0m
Migrating to CreateApplications (20261005004556)
  [1m[36mTRANSACTION (0.2ms)[0m  [1m[35mBEGIN /*application='WebtechRoomies'*/[0m
  [1m[35m (1.9ms)[0m  [1m[35mCREATE TABLE "applications" ("id" bigserial primary key, "listing_id" bigint NOT NULL, "applicant_id" bigint NOT NULL, "message" text, "status" character varying DEFAULT 'pending' NOT NULL, "created_at" timestamp(6) NOT NULL, "updated_at" timestamp(6) NOT NULL, CONSTRAINT "fk_rails_2881ca5d4f"
FOREIGN KEY ("listing_id")
  REFERENCES "listings" ("id")
, CONSTRAINT "fk_rails_df32bd9671"
FOREIGN KEY ("applicant_id")
  REFERENCES "users" ("id")
) /*application='WebtechRoomies'*/[0m
  [1m[35m (0.6ms)[0m  [1m[35mCREATE INDEX "index_applications_on_listing_id" ON "applications" ("listing_id") /*application='WebtechRoomies'*/[0m
  [1m[35m (0.6ms)[0m  [1m[35mCREATE INDEX "index_applications_on_applicant_id" ON "applications" ("applicant_id") /*application='WebtechRoomies'*/[0m
  [1m[36mActiveRecord::SchemaMigration Create (0.3ms)[0m  [1m[32mINSERT INTO "schema_migrations" ("version") VALUES ('20261005004556') RETURNING "version" /*application='WebtechRoomies'*/[0m
  [1m[36mTRANSACTION (1.3ms)[0m  [1m[35mCOMMIT /*application='WebtechRoomies'*/[0m
Migrating to CreateVisits (20261005004557)
  [1m[36mTRANSACTION (0.2ms)[0m  [1m[35mBEGIN /*application='WebtechRoomies'*/[0m
  [1m[35m (2.6ms)[0m  [1m[35mCREATE TABLE "visits" ("id" bigserial primary key, "application_id" bigint NOT NULL, "scheduled_at" timestamp(6) NOT NULL, "status" character varying NOT NULL, "notes" text, CONSTRAINT "fk_rails_f5d2dde823"
FOREIGN KEY ("application_id")
  REFERENCES "applications" ("id")
) /*application='WebtechRoomies'*/[0m
  [1m[35m (0.7ms)[0m  [1m[35mCREATE INDEX "index_visits_on_application_id" ON "visits" ("application_id") /*application='WebtechRoomies'*/[0m
  [1m[36mActiveRecord::SchemaMigration Create (0.3ms)[0m  [1m[32mINSERT INTO "schema_migrations" ("version") VALUES ('20261005004557') RETURNING "version" /*application='WebtechRoomies'*/[0m
  [1m[36mTRANSACTION (1.3ms)[0m  [1m[35mCOMMIT /*application='WebtechRoomies'*/[0m
Migrating to CreateReviews (20261005004558)
  [1m[36mTRANSACTION (0.2ms)[0m  [1m[35mBEGIN /*application='WebtechRoomies'*/[0m
  [1m[35m (4.1ms)[0m  [1m[35mCREATE TABLE "reviews" ("id" bigserial primary key, "visit_id" bigint, "reviewer_id" bigint NOT NULL, "property_id" bigint NOT NULL, "rating" integer NOT NULL, "comment" text, "created_at" timestamp(6) NOT NULL, CONSTRAINT "fk_rails_4477030b49"
FOREIGN KEY ("visit_id")
  REFERENCES "visits" ("id")
, CONSTRAINT "fk_rails_007031d9cb"
FOREIGN KEY ("reviewer_id")
  REFERENCES "users" ("id")
, CONSTRAINT "fk_rails_cb5be69465"
FOREIGN KEY ("property_id")
  REFERENCES "properties" ("id")
) /*application='WebtechRoomies'*/[0m
  [1m[35m (0.8ms)[0m  [1m[35mCREATE UNIQUE INDEX "index_reviews_on_visit_id" ON "reviews" ("visit_id") /*application='WebtechRoomies'*/[0m
  [1m[35m (0.6ms)[0m  [1m[35mCREATE INDEX "index_reviews_on_reviewer_id" ON "reviews" ("reviewer_id") /*application='WebtechRoomies'*/[0m
  [1m[35m (0.5ms)[0m  [1m[35mCREATE INDEX "index_reviews_on_property_id" ON "reviews" ("property_id") /*application='WebtechRoomies'*/[0m
  [1m[36mActiveRecord::SchemaMigration Create (0.3ms)[0m  [1m[32mINSERT INTO "schema_migrations" ("version") VALUES ('20261005004558') RETURNING "version" /*application='WebtechRoomies'*/[0m
  [1m[36mTRANSACTION (1.3ms)[0m  [1m[35mCOMMIT /*application='WebtechRoomies'*/[0m
Migrating to CreateReports (20261005004559)
  [1m[36mTRANSACTION (0.2ms)[0m  [1m[35mBEGIN /*application='WebtechRoomies'*/[0m
  [1m[35m (4.4ms)[0m  [1m[35mCREATE TABLE "reports" ("id" bigserial primary key, "reporter_id" bigint NOT NULL, "listing_id" bigint NOT NULL, "reason" text NOT NULL, "status" character varying NOT NULL, "moderator_id" bigint, "moderator_notes" text, "created_at" timestamp(6) NOT NULL, "reviewed_at" timestamp(6), CONSTRAINT "fk_rails_c4cb6e6463"
FOREIGN KEY ("reporter_id")
  REFERENCES "users" ("id")
, CONSTRAINT "fk_rails_2608b92ec4"
FOREIGN KEY ("listing_id")
  REFERENCES "listings" ("id")
, CONSTRAINT "fk_rails_cfe003e081"
FOREIGN KEY ("moderator_id")
  REFERENCES "users" ("id")
) /*application='WebtechRoomies'*/[0m
  [1m[35m (0.5ms)[0m  [1m[35mCREATE INDEX "index_reports_on_reporter_id" ON "reports" ("reporter_id") /*application='WebtechRoomies'*/[0m
  [1m[35m (0.4ms)[0m  [1m[35mCREATE INDEX "index_reports_on_listing_id" ON "reports" ("listing_id") /*application='WebtechRoomies'*/[0m
  [1m[35m (0.6ms)[0m  [1m[35mCREATE INDEX "index_reports_on_moderator_id" ON "reports" ("moderator_id") /*application='WebtechRoomies'*/[0m
  [1m[36mActiveRecord::SchemaMigration Create (0.2ms)[0m  [1m[32mINSERT INTO "schema_migrations" ("version") VALUES ('20261005004559') RETURNING "version" /*application='WebtechRoomies'*/[0m
  [1m[36mTRANSACTION (1.7ms)[0m  [1m[35mCOMMIT /*application='WebtechRoomies'*/[0m
Migrating to CreateSavedListings (20261005004600)
  [1m[36mTRANSACTION (0.3ms)[0m  [1m[35mBEGIN /*application='WebtechRoomies'*/[0m
  [1m[35m (4.6ms)[0m  [1m[35mCREATE TABLE "saved_listings" ("id" bigserial primary key, "user_id" bigint NOT NULL, "listing_id" bigint NOT NULL, "saved_at" timestamp(6) NOT NULL, CONSTRAINT "fk_rails_1a5b9f451a"
FOREIGN KEY ("user_id")
  REFERENCES "users" ("id")
, CONSTRAINT "fk_rails_63efe8ab53"
FOREIGN KEY ("listing_id")
  REFERENCES "listings" ("id")
) /*application='WebtechRoomies'*/[0m
  [1m[35m (0.6ms)[0m  [1m[35mCREATE INDEX "index_saved_listings_on_user_id" ON "saved_listings" ("user_id") /*application='WebtechRoomies'*/[0m
  [1m[35m (0.7ms)[0m  [1m[35mCREATE INDEX "index_saved_listings_on_listing_id" ON "saved_listings" ("listing_id") /*application='WebtechRoomies'*/[0m
  [1m[36mActiveRecord::SchemaMigration Create (0.3ms)[0m  [1m[32mINSERT INTO "schema_migrations" ("version") VALUES ('20261005004600') RETURNING "version" /*application='WebtechRoomies'*/[0m
  [1m[36mTRANSACTION (1.4ms)[0m  [1m[35mCOMMIT /*application='WebtechRoomies'*/[0m
  [1m[35m (0.2ms)[0m  [1m[34mSELECT pg_advisory_unlock(752344604101426980) /*application='WebtechRoomies'*/[0m
  [1m[36mActiveRecord::SchemaMigration Load (0.2ms)[0m  [1m[34mSELECT "schema_migrations"."version" FROM "schema_migrations" ORDER BY "schema_migrations"."version" ASC /*application='WebtechRoomies'*/[0m
  [1m[35mSQL (0.2ms)[0m  [1m[35mSET search_path TO public /*application='WebtechRoomies'*/[0m
  [1m[35mSQL (0.2ms)[0m  [1m[35mSET search_path TO "$user", public /*application='WebtechRoomies'*/[0m
  [1m[35mSQL (0.2ms)[0m  [1m[35mSET search_path TO public /*application='WebtechRoomies'*/[0m
  [1m[35mSQL (0.1ms)[0m  [1m[35mSET search_path TO "$user", public /*application='WebtechRoomies'*/[0m
Using vips to process variants requires the libvips library. Please install libvips using the instructions on the libvips website.
  [1m[36mActiveRecord::SchemaMigration Load (0.8ms)[0m  [1m[34mSELECT "schema_migrations"."version" FROM "schema_migrations" ORDER BY "schema_migrations"."version" ASC /*application='WebtechRoomies'*/[0m
Using vips to process variants requires the libvips library. Please install libvips using the instructions on the libvips website.
Using vips to process variants requires the libvips library. Please install libvips using the instructions on the libvips website.
  [1m[35mSQL (0.2ms)[0m  [1m[35mSET search_path TO public /*application='WebtechRoomies'*/[0m
  [1m[35m (224.9ms)[0m  [1m[35mCREATE DATABASE "webtech_roomies_development" ENCODING = 'unicode' /*application='WebtechRoomies'*/[0m
  [1m[35mSQL (0.1ms)[0m  [1m[35mSET search_path TO public /*application='WebtechRoomies'*/[0m
  [1m[35m (43.4ms)[0m  [1m[35mCREATE DATABASE "webtech_roomies_test" ENCODING = 'unicode' /*application='WebtechRoomies'*/[0m
Using vips to process variants requires the libvips library. Please install libvips using the instructions on the libvips website.
Using vips to process variants requires the libvips library. Please install libvips using the instructions on the libvips website.
  [1m[35mSQL (0.3ms)[0m  [1m[35mCREATE EXTENSION IF NOT EXISTS "plpgsql" SCHEMA pg_catalog /*application='WebtechRoomies'*/[0m
  [1m[35m (0.2ms)[0m  [1m[35mDROP TABLE IF EXISTS "amenities" CASCADE /*application='WebtechRoomies'*/[0m
  [1m[35m (10.1ms)[0m  [1m[35mCREATE TABLE "amenities" ("id" bigserial primary key, "name" character varying NOT NULL, "category" character varying NOT NULL) /*application='WebtechRoomies'*/[0m
  [1m[35m (0.2ms)[0m  [1m[35mDROP TABLE IF EXISTS "applications" CASCADE /*application='WebtechRoomies'*/[0m
  [1m[35m (2.5ms)[0m  [1m[35mCREATE TABLE "applications" ("id" bigserial primary key, "listing_id" bigint NOT NULL, "applicant_id" bigint NOT NULL, "message" text, "status" character varying DEFAULT 'pending' NOT NULL, "created_at" timestamp(6) NOT NULL, "updated_at" timestamp(6) NOT NULL) /*application='WebtechRoomies'*/[0m
  [1m[35m (1.0ms)[0m  [1m[35mCREATE INDEX "index_applications_on_applicant_id" ON "applications" ("applicant_id") /*application='WebtechRoomies'*/[0m
  [1m[35m (0.9ms)[0m  [1m[35mCREATE INDEX "index_applications_on_listing_id" ON "applications" ("listing_id") /*application='WebtechRoomies'*/[0m
  [1m[35m (0.2ms)[0m  [1m[35mDROP TABLE IF EXISTS "listing_photos" CASCADE /*application='WebtechRoomies'*/[0m
  [1m[35m (2.2ms)[0m  [1m[35mCREATE TABLE "listing_photos" ("id" bigserial primary key, "listing_id" bigint NOT NULL, "image_url" character varying NOT NULL, "is_main" boolean DEFAULT FALSE NOT NULL) /*application='WebtechRoomies'*/[0m
  [1m[35m (1.1ms)[0m  [1m[35mCREATE INDEX "index_listing_photos_on_listing_id" ON "listing_photos" ("listing_id") /*application='WebtechRoomies'*/[0m
  [1m[35m (0.2ms)[0m  [1m[35mDROP TABLE IF EXISTS "listings" CASCADE /*application='WebtechRoomies'*/[0m
  [1m[35m (1.9ms)[0m  [1m[35mCREATE TABLE "listings" ("id" bigserial primary key, "property_id" bigint NOT NULL, "title" character varying NOT NULL, "description" text, "monthly_rent" decimal NOT NULL, "available_from" date NOT NULL, "status" character varying DEFAULT 'draft' NOT NULL, "created_at" timestamp(6) NOT NULL) /*application='WebtechRoomies'*/[0m
  [1m[35m (1.0ms)[0m  [1m[35mCREATE INDEX "index_listings_on_property_id" ON "listings" ("property_id") /*application='WebtechRoomies'*/[0m
  [1m[35m (0.1ms)[0m  [1m[35mDROP TABLE IF EXISTS "neighborhoods" CASCADE /*application='WebtechRoomies'*/[0m
  [1m[35m (1.8ms)[0m  [1m[35mCREATE TABLE "neighborhoods" ("id" bigserial primary key, "name" character varying NOT NULL, "city" character varying NOT NULL) /*application='WebtechRoomies'*/[0m
  [1m[35m (1.2ms)[0m  [1m[35mCREATE UNIQUE INDEX "index_neighborhoods_on_name_and_city" ON "neighborhoods" ("name", "city") /*application='WebtechRoomies'*/[0m
  [1m[35m (0.4ms)[0m  [1m[35mDROP TABLE IF EXISTS "properties" CASCADE /*application='WebtechRoomies'*/[0m
  [1m[35m (2.5ms)[0m  [1m[35mCREATE TABLE "properties" ("id" bigserial primary key, "owner_id" bigint NOT NULL, "neighborhood_id" bigint NOT NULL, "title" character varying NOT NULL, "address" character varying NOT NULL, "description" text, "bedrooms" integer NOT NULL, "bathrooms" integer NOT NULL, "shared_spaces" boolean DEFAULT TRUE, "created_at" timestamp(6) NOT NULL) /*application='WebtechRoomies'*/[0m
  [1m[35m (1.0ms)[0m  [1m[35mCREATE INDEX "index_properties_on_neighborhood_id" ON "properties" ("neighborhood_id") /*application='WebtechRoomies'*/[0m
  [1m[35m (1.0ms)[0m  [1m[35mCREATE INDEX "index_properties_on_owner_id" ON "properties" ("owner_id") /*application='WebtechRoomies'*/[0m
  [1m[35m (0.2ms)[0m  [1m[35mDROP TABLE IF EXISTS "property_amenities" CASCADE /*application='WebtechRoomies'*/[0m
  [1m[35m (1.7ms)[0m  [1m[35mCREATE TABLE "property_amenities" ("id" bigserial primary key, "property_id" bigint NOT NULL, "amenity_id" bigint NOT NULL) /*application='WebtechRoomies'*/[0m
  [1m[35m (1.1ms)[0m  [1m[35mCREATE INDEX "index_property_amenities_on_amenity_id" ON "property_amenities" ("amenity_id") /*application='WebtechRoomies'*/[0m
  [1m[35m (1.0ms)[0m  [1m[35mCREATE INDEX "index_property_amenities_on_property_id" ON "property_amenities" ("property_id") /*application='WebtechRoomies'*/[0m
  [1m[35m (0.2ms)[0m  [1m[35mDROP TABLE IF EXISTS "reports" CASCADE /*application='WebtechRoomies'*/[0m
  [1m[35m (1.8ms)[0m  [1m[35mCREATE TABLE "reports" ("id" bigserial primary key, "reporter_id" bigint NOT NULL, "listing_id" bigint NOT NULL, "reason" text NOT NULL, "status" character varying NOT NULL, "moderator_id" bigint, "moderator_notes" text, "created_at" timestamp(6) NOT NULL, "reviewed_at" timestamp(6)) /*application='WebtechRoomies'*/[0m
  [1m[35m (1.1ms)[0m  [1m[35mCREATE INDEX "index_reports_on_listing_id" ON "reports" ("listing_id") /*application='WebtechRoomies'*/[0m
  [1m[35m (1.0ms)[0m  [1m[35mCREATE INDEX "index_reports_on_moderator_id" ON "reports" ("moderator_id") /*application='WebtechRoomies'*/[0m
  [1m[35m (0.9ms)[0m  [1m[35mCREATE INDEX "index_reports_on_reporter_id" ON "reports" ("reporter_id") /*application='WebtechRoomies'*/[0m
  [1m[35m (0.1ms)[0m  [1m[35mDROP TABLE IF EXISTS "reviews" CASCADE /*application='WebtechRoomies'*/[0m
  [1m[35m (1.7ms)[0m  [1m[35mCREATE TABLE "reviews" ("id" bigserial primary key, "visit_id" bigint, "reviewer_id" bigint NOT NULL, "property_id" bigint NOT NULL, "rating" integer NOT NULL, "comment" text, "created_at" timestamp(6) NOT NULL) /*application='WebtechRoomies'*/[0m
  [1m[35m (1.0ms)[0m  [1m[35mCREATE INDEX "index_reviews_on_property_id" ON "reviews" ("property_id") /*application='WebtechRoomies'*/[0m
  [1m[35m (1.0ms)[0m  [1m[35mCREATE INDEX "index_reviews_on_reviewer_id" ON "reviews" ("reviewer_id") /*application='WebtechRoomies'*/[0m
  [1m[35m (1.0ms)[0m  [1m[35mCREATE UNIQUE INDEX "index_reviews_on_visit_id" ON "reviews" ("visit_id") /*application='WebtechRoomies'*/[0m
  [1m[35m (0.4ms)[0m  [1m[35mDROP TABLE IF EXISTS "saved_listings" CASCADE /*application='WebtechRoomies'*/[0m
  [1m[35m (2.1ms)[0m  [1m[35mCREATE TABLE "saved_listings" ("id" bigserial primary key, "user_id" bigint NOT NULL, "listing_id" bigint NOT NULL, "saved_at" timestamp(6) NOT NULL) /*application='WebtechRoomies'*/[0m
  [1m[35m (1.1ms)[0m  [1m[35mCREATE INDEX "index_saved_listings_on_listing_id" ON "saved_listings" ("listing_id") /*application='WebtechRoomies'*/[0m
  [1m[35m (0.8ms)[0m  [1m[35mCREATE INDEX "index_saved_listings_on_user_id" ON "saved_listings" ("user_id") /*application='WebtechRoomies'*/[0m
  [1m[35m (0.2ms)[0m  [1m[35mDROP TABLE IF EXISTS "users" CASCADE /*application='WebtechRoomies'*/[0m
  [1m[35m (1.8ms)[0m  [1m[35mCREATE TABLE "users" ("id" bigserial primary key, "email" character varying NOT NULL, "password_hash" character varying NOT NULL, "full_name" character varying NOT NULL, "phone" character varying, "role" character varying DEFAULT 'member' NOT NULL, "created_at" timestamp(6) NOT NULL) /*application='WebtechRoomies'*/[0m
  [1m[35m (1.0ms)[0m  [1m[35mCREATE UNIQUE INDEX "index_users_on_email" ON "users" ("email") /*application='WebtechRoomies'*/[0m
  [1m[35m (0.2ms)[0m  [1m[35mDROP TABLE IF EXISTS "visits" CASCADE /*application='WebtechRoomies'*/[0m
  [1m[35m (1.8ms)[0m  [1m[35mCREATE TABLE "visits" ("id" bigserial primary key, "application_id" bigint NOT NULL, "scheduled_at" timestamp(6) NOT NULL, "status" character varying NOT NULL, "notes" text) /*application='WebtechRoomies'*/[0m
  [1m[35m (0.9ms)[0m  [1m[35mCREATE INDEX "index_visits_on_application_id" ON "visits" ("application_id") /*application='WebtechRoomies'*/[0m
  [1m[35m (2.2ms)[0m  [1m[35mALTER TABLE "applications" ADD CONSTRAINT "fk_rails_2881ca5d4f"
FOREIGN KEY ("listing_id")
  REFERENCES "listings" ("id")
 /*application='WebtechRoomies'*/[0m
  [1m[35m (1.4ms)[0m  [1m[35mALTER TABLE "applications" ADD CONSTRAINT "fk_rails_df32bd9671"
FOREIGN KEY ("applicant_id")
  REFERENCES "users" ("id")
 /*application='WebtechRoomies'*/[0m
  [1m[35m (1.2ms)[0m  [1m[35mALTER TABLE "listing_photos" ADD CONSTRAINT "fk_rails_0f101060cd"
FOREIGN KEY ("listing_id")
  REFERENCES "listings" ("id")
 /*application='WebtechRoomies'*/[0m
  [1m[35m (1.4ms)[0m  [1m[35mALTER TABLE "listings" ADD CONSTRAINT "fk_rails_147f5eb13e"
FOREIGN KEY ("property_id")
  REFERENCES "properties" ("id")
 /*application='WebtechRoomies'*/[0m
  [1m[35m (1.6ms)[0m  [1m[35mALTER TABLE "properties" ADD CONSTRAINT "fk_rails_659aeb2874"
FOREIGN KEY ("neighborhood_id")
  REFERENCES "neighborhoods" ("id")
 /*application='WebtechRoomies'*/[0m
  [1m[35m (1.1ms)[0m  [1m[35mALTER TABLE "properties" ADD CONSTRAINT "fk_rails_45d6dffcf8"
FOREIGN KEY ("owner_id")
  REFERENCES "users" ("id")
 /*application='WebtechRoomies'*/[0m
  [1m[35m (2.3ms)[0m  [1m[35mALTER TABLE "property_amenities" ADD CONSTRAINT "fk_rails_f37dc1f85f"
FOREIGN KEY ("amenity_id")
  REFERENCES "amenities" ("id")
 /*application='WebtechRoomies'*/[0m
  [1m[35m (1.7ms)[0m  [1m[35mALTER TABLE "property_amenities" ADD CONSTRAINT "fk_rails_e71b8c80fc"
FOREIGN KEY ("property_id")
  REFERENCES "properties" ("id")
 /*application='WebtechRoomies'*/[0m
  [1m[35m (1.6ms)[0m  [1m[35mALTER TABLE "reports" ADD CONSTRAINT "fk_rails_2608b92ec4"
FOREIGN KEY ("listing_id")
  REFERENCES "listings" ("id")
 /*application='WebtechRoomies'*/[0m
  [1m[35m (1.3ms)[0m  [1m[35mALTER TABLE "reports" ADD CONSTRAINT "fk_rails_cfe003e081"
FOREIGN KEY ("moderator_id")
  REFERENCES "users" ("id")
 /*application='WebtechRoomies'*/[0m
  [1m[35m (1.4ms)[0m  [1m[35mALTER TABLE "reports" ADD CONSTRAINT "fk_rails_c4cb6e6463"
FOREIGN KEY ("reporter_id")
  REFERENCES "users" ("id")
 /*application='WebtechRoomies'*/[0m
  [1m[35m (1.4ms)[0m  [1m[35mALTER TABLE "reviews" ADD CONSTRAINT "fk_rails_cb5be69465"
FOREIGN KEY ("property_id")
  REFERENCES "properties" ("id")
 /*application='WebtechRoomies'*/[0m
  [1m[35m (1.3ms)[0m  [1m[35mALTER TABLE "reviews" ADD CONSTRAINT "fk_rails_007031d9cb"
FOREIGN KEY ("reviewer_id")
  REFERENCES "users" ("id")
 /*application='WebtechRoomies'*/[0m
  [1m[35m (2.0ms)[0m  [1m[35mALTER TABLE "reviews" ADD CONSTRAINT "fk_rails_4477030b49"
FOREIGN KEY ("visit_id")
  REFERENCES "visits" ("id")
 /*application='WebtechRoomies'*/[0m
  [1m[35m (1.4ms)[0m  [1m[35mALTER TABLE "saved_listings" ADD CONSTRAINT "fk_rails_63efe8ab53"
FOREIGN KEY ("listing_id")
  REFERENCES "listings" ("id")
 /*application='WebtechRoomies'*/[0m
  [1m[35m (1.3ms)[0m  [1m[35mALTER TABLE "saved_listings" ADD CONSTRAINT "fk_rails_1a5b9f451a"
FOREIGN KEY ("user_id")
  REFERENCES "users" ("id")
 /*application='WebtechRoomies'*/[0m
  [1m[35m (1.9ms)[0m  [1m[35mALTER TABLE "visits" ADD CONSTRAINT "fk_rails_f5d2dde823"
FOREIGN KEY ("application_id")
  REFERENCES "applications" ("id")
 /*application='WebtechRoomies'*/[0m
  [1m[35m (2.6ms)[0m  [1m[35mCREATE TABLE "schema_migrations" ("version" character varying NOT NULL PRIMARY KEY) /*application='WebtechRoomies'*/[0m
  [1m[36mActiveRecord::SchemaMigration Load (0.5ms)[0m  [1m[34mSELECT "schema_migrations"."version" FROM "schema_migrations" ORDER BY "schema_migrations"."version" ASC /*application='WebtechRoomies'*/[0m
  [1m[35m (1.8ms)[0m  [1m[32mINSERT INTO "schema_migrations" (version) VALUES (20261005004600) /*application='WebtechRoomies'*/[0m
  [1m[35m (1.3ms)[0m  [1m[32mINSERT INTO "schema_migrations" (version) VALUES
(20261005004559),
(20261005004558),
(20261005004557),
(20261005004556),
(20261005004555),
(20261005004554),
(20261005004553),
(20261005004547),
(20261005004542),
(20261005004536),
(20261005004528); /*application='WebtechRoomies'*/[0m
  [1m[35m (2.4ms)[0m  [1m[35mCREATE TABLE "ar_internal_metadata" ("key" character varying NOT NULL PRIMARY KEY, "value" character varying, "created_at" timestamp(6) NOT NULL, "updated_at" timestamp(6) NOT NULL) /*application='WebtechRoomies'*/[0m
  [1m[36mActiveRecord::InternalMetadata Load (0.5ms)[0m  [1m[34mSELECT * FROM "ar_internal_metadata" WHERE "ar_internal_metadata"."key" = 'environment' ORDER BY "ar_internal_metadata"."key" ASC LIMIT 1 /*application='WebtechRoomies'*/[0m
  [1m[36mActiveRecord::InternalMetadata Create (1.3ms)[0m  [1m[32mINSERT INTO "ar_internal_metadata" ("key", "value", "created_at", "updated_at") VALUES ('environment', 'development', '2026-10-05 01:29:56.651059', '2026-10-05 01:29:56.651062') RETURNING "key" /*application='WebtechRoomies'*/[0m
  [1m[36mActiveRecord::InternalMetadata Load (0.3ms)[0m  [1m[34mSELECT * FROM "ar_internal_metadata" WHERE "ar_internal_metadata"."key" = 'environment' ORDER BY "ar_internal_metadata"."key" ASC LIMIT 1 /*application='WebtechRoomies'*/[0m
  [1m[36mActiveRecord::InternalMetadata Load (0.2ms)[0m  [1m[34mSELECT * FROM "ar_internal_metadata" WHERE "ar_internal_metadata"."key" = 'schema_sha1' ORDER BY "ar_internal_metadata"."key" ASC LIMIT 1 /*application='WebtechRoomies'*/[0m
  [1m[36mActiveRecord::InternalMetadata Create (0.9ms)[0m  [1m[32mINSERT INTO "ar_internal_metadata" ("key", "value", "created_at", "updated_at") VALUES ('schema_sha1', 'e56ffd322e621ff1cdc0afdaf742e98022c3f4a6', '2026-10-05 01:29:56.655554', '2026-10-05 01:29:56.655556') RETURNING "key" /*application='WebtechRoomies'*/[0m
  [1m[35m (0.1ms)[0m  [1m[34mSELECT pg_try_advisory_lock(752344604101426980) /*application='WebtechRoomies'*/[0m
  [1m[36mActiveRecord::SchemaMigration Load (0.2ms)[0m  [1m[34mSELECT "schema_migrations"."version" FROM "schema_migrations" ORDER BY "schema_migrations"."version" ASC /*application='WebtechRoomies'*/[0m
  [1m[36mActiveRecord::InternalMetadata Load (0.2ms)[0m  [1m[34mSELECT * FROM "ar_internal_metadata" WHERE "ar_internal_metadata"."key" = 'environment' ORDER BY "ar_internal_metadata"."key" ASC LIMIT 1 /*application='WebtechRoomies'*/[0m
  [1m[35m (0.2ms)[0m  [1m[34mSELECT pg_advisory_unlock(752344604101426980) /*application='WebtechRoomies'*/[0m
  [1m[36mActiveRecord::SchemaMigration Load (0.2ms)[0m  [1m[34mSELECT "schema_migrations"."version" FROM "schema_migrations" ORDER BY "schema_migrations"."version" ASC /*application='WebtechRoomies'*/[0m
  [1m[35mSQL (0.1ms)[0m  [1m[35mSET search_path TO public /*application='WebtechRoomies'*/[0m
  [1m[35mSQL (0.1ms)[0m  [1m[35mSET search_path TO "$user", public /*application='WebtechRoomies'*/[0m
  [1m[35mSQL (0.1ms)[0m  [1m[35mSET search_path TO public /*application='WebtechRoomies'*/[0m
  [1m[35mSQL (0.2ms)[0m  [1m[35mSET search_path TO "$user", public /*application='WebtechRoomies'*/[0m
Using vips to process variants requires the libvips library. Please install libvips using the instructions on the libvips website.
  [1m[36mActiveRecord::SchemaMigration Load (1.5ms)[0m  [1m[34mSELECT "schema_migrations"."version" FROM "schema_migrations" ORDER BY "schema_migrations"."version" ASC /*application='WebtechRoomies'*/[0m
Using vips to process variants requires the libvips library. Please install libvips using the instructions on the libvips website.
Using vips to process variants requires the libvips library. Please install libvips using the instructions on the libvips website.
Using vips to process variants requires the libvips library. Please install libvips using the instructions on the libvips website.
Using vips to process variants requires the libvips library. Please install libvips using the instructions on the libvips website.
  [1m[35m (0.3ms)[0m  [1m[34mSELECT pg_try_advisory_lock(752344604101426980) /*application='WebtechRoomies'*/[0m
  [1m[36mActiveRecord::SchemaMigration Load (1.0ms)[0m  [1m[34mSELECT "schema_migrations"."version" FROM "schema_migrations" ORDER BY "schema_migrations"."version" ASC /*application='WebtechRoomies'*/[0m
  [1m[36mActiveRecord::InternalMetadata Load (1.4ms)[0m  [1m[34mSELECT * FROM "ar_internal_metadata" WHERE "ar_internal_metadata"."key" = 'environment' ORDER BY "ar_internal_metadata"."key" ASC LIMIT 1 /*application='WebtechRoomies'*/[0m
Migrating to MakeApplicationUniqueVisits (20261005013648)
  [1m[36mTRANSACTION (0.2ms)[0m  [1m[35mBEGIN /*application='WebtechRoomies'*/[0m
  [1m[35m (0.9ms)[0m  [1m[35mDROP INDEX  "index_visits_on_application_id" /*application='WebtechRoomies'*/[0m
  [1m[35m (3.4ms)[0m  [1m[35mCREATE UNIQUE INDEX "index_visits_on_application_id" ON "visits" ("application_id") /*application='WebtechRoomies'*/[0m
  [1m[36mActiveRecord::SchemaMigration Create (0.3ms)[0m  [1m[32mINSERT INTO "schema_migrations" ("version") VALUES ('20261005013648') RETURNING "version" /*application='WebtechRoomies'*/[0m
  [1m[36mTRANSACTION (2.7ms)[0m  [1m[35mCOMMIT /*application='WebtechRoomies'*/[0m
  [1m[35m (0.3ms)[0m  [1m[34mSELECT pg_advisory_unlock(752344604101426980) /*application='WebtechRoomies'*/[0m
  [1m[36mActiveRecord::SchemaMigration Load (0.6ms)[0m  [1m[34mSELECT "schema_migrations"."version" FROM "schema_migrations" ORDER BY "schema_migrations"."version" ASC /*application='WebtechRoomies'*/[0m
  [1m[35mSQL (0.1ms)[0m  [1m[35mSET search_path TO public /*application='WebtechRoomies'*/[0m
  [1m[35mSQL (0.2ms)[0m  [1m[35mSET search_path TO "$user", public /*application='WebtechRoomies'*/[0m
  [1m[35mSQL (0.2ms)[0m  [1m[35mSET search_path TO public /*application='WebtechRoomies'*/[0m
  [1m[35mSQL (0.2ms)[0m  [1m[35mSET search_path TO "$user", public /*application='WebtechRoomies'*/[0m
Using vips to process variants requires the libvips library. Please install libvips using the instructions on the libvips website.
Using vips to process variants requires the libvips library. Please install libvips using the instructions on the libvips website.
Using vips to process variants requires the libvips library. Please install libvips using the instructions on the libvips website.
Using vips to process variants requires the libvips library. Please install libvips using the instructions on the libvips website.
  [1m[35m (0.2ms)[0m  [1m[34mSELECT pg_try_advisory_lock(752344604101426980) /*application='WebtechRoomies'*/[0m
  [1m[36mActiveRecord::SchemaMigration Load (0.7ms)[0m  [1m[34mSELECT "schema_migrations"."version" FROM "schema_migrations" ORDER BY "schema_migrations"."version" ASC /*application='WebtechRoomies'*/[0m
  [1m[36mActiveRecord::InternalMetadata Load (1.0ms)[0m  [1m[34mSELECT * FROM "ar_internal_metadata" WHERE "ar_internal_metadata"."key" = 'environment' ORDER BY "ar_internal_metadata"."key" ASC LIMIT 1 /*application='WebtechRoomies'*/[0m
Migrating to AddIndexApplication (20261005020004)
  [1m[35m (0.4ms)[0m  [1m[34mSELECT pg_advisory_unlock(752344604101426980) /*application='WebtechRoomies'*/[0m
Using vips to process variants requires the libvips library. Please install libvips using the instructions on the libvips website.
  [1m[35m (0.2ms)[0m  [1m[34mSELECT pg_try_advisory_lock(752344604101426980) /*application='WebtechRoomies'*/[0m
  [1m[36mActiveRecord::SchemaMigration Load (0.6ms)[0m  [1m[34mSELECT "schema_migrations"."version" FROM "schema_migrations" ORDER BY "schema_migrations"."version" ASC /*application='WebtechRoomies'*/[0m
  [1m[36mActiveRecord::InternalMetadata Load (0.5ms)[0m  [1m[34mSELECT * FROM "ar_internal_metadata" WHERE "ar_internal_metadata"."key" = 'environment' ORDER BY "ar_internal_metadata"."key" ASC LIMIT 1 /*application='WebtechRoomies'*/[0m
Migrating to AddIndexApplication (20261005020004)
  [1m[36mTRANSACTION (0.3ms)[0m  [1m[35mBEGIN /*application='WebtechRoomies'*/[0m
  [1m[35m (3.8ms)[0m  [1m[35mCREATE UNIQUE INDEX "index_applications_on_listing_id_and_applicant_id" ON "applications" ("listing_id", "applicant_id") /*application='WebtechRoomies'*/[0m
  [1m[36mActiveRecord::SchemaMigration Create (0.4ms)[0m  [1m[32mINSERT INTO "schema_migrations" ("version") VALUES ('20261005020004') RETURNING "version" /*application='WebtechRoomies'*/[0m
  [1m[36mTRANSACTION (2.4ms)[0m  [1m[35mCOMMIT /*application='WebtechRoomies'*/[0m
  [1m[35m (0.4ms)[0m  [1m[34mSELECT pg_advisory_unlock(752344604101426980) /*application='WebtechRoomies'*/[0m
  [1m[36mActiveRecord::SchemaMigration Load (0.3ms)[0m  [1m[34mSELECT "schema_migrations"."version" FROM "schema_migrations" ORDER BY "schema_migrations"."version" ASC /*application='WebtechRoomies'*/[0m
  [1m[35mSQL (0.2ms)[0m  [1m[35mSET search_path TO public /*application='WebtechRoomies'*/[0m
  [1m[35mSQL (0.3ms)[0m  [1m[35mSET search_path TO "$user", public /*application='WebtechRoomies'*/[0m
  [1m[35mSQL (0.2ms)[0m  [1m[35mSET search_path TO public /*application='WebtechRoomies'*/[0m
  [1m[35mSQL (0.1ms)[0m  [1m[35mSET search_path TO "$user", public /*application='WebtechRoomies'*/[0m
Using vips to process variants requires the libvips library. Please install libvips using the instructions on the libvips website.
Using vips to process variants requires the libvips library. Please install libvips using the instructions on the libvips website.
  [1m[35m (0.2ms)[0m  [1m[34mSELECT pg_try_advisory_lock(752344604101426980) /*application='WebtechRoomies'*/[0m
  [1m[36mActiveRecord::SchemaMigration Load (0.8ms)[0m  [1m[34mSELECT "schema_migrations"."version" FROM "schema_migrations" ORDER BY "schema_migrations"."version" ASC /*application='WebtechRoomies'*/[0m
  [1m[36mActiveRecord::InternalMetadata Load (0.6ms)[0m  [1m[34mSELECT * FROM "ar_internal_metadata" WHERE "ar_internal_metadata"."key" = 'environment' ORDER BY "ar_internal_metadata"."key" ASC LIMIT 1 /*application='WebtechRoomies'*/[0m
Migrating to AddUniqueIndexToPropertyAmenitiesAndSavedListings (20261005021648)
  [1m[36mTRANSACTION (0.2ms)[0m  [1m[35mBEGIN /*application='WebtechRoomies'*/[0m
  [1m[35m (3.6ms)[0m  [1m[35mCREATE UNIQUE INDEX "index_property_amenities_on_property_id_and_amenity_id" ON "property_amenities" ("property_id", "amenity_id") /*application='WebtechRoomies'*/[0m
  [1m[35m (1.0ms)[0m  [1m[35mCREATE UNIQUE INDEX "index_saved_listings_on_user_id_and_listing_id" ON "saved_listings" ("user_id", "listing_id") /*application='WebtechRoomies'*/[0m
  [1m[36mActiveRecord::SchemaMigration Create (0.3ms)[0m  [1m[32mINSERT INTO "schema_migrations" ("version") VALUES ('20261005021648') RETURNING "version" /*application='WebtechRoomies'*/[0m
  [1m[36mTRANSACTION (1.9ms)[0m  [1m[35mCOMMIT /*application='WebtechRoomies'*/[0m
  [1m[35m (0.2ms)[0m  [1m[34mSELECT pg_advisory_unlock(752344604101426980) /*application='WebtechRoomies'*/[0m
  [1m[36mActiveRecord::SchemaMigration Load (0.2ms)[0m  [1m[34mSELECT "schema_migrations"."version" FROM "schema_migrations" ORDER BY "schema_migrations"."version" ASC /*application='WebtechRoomies'*/[0m
  [1m[35mSQL (0.1ms)[0m  [1m[35mSET search_path TO public /*application='WebtechRoomies'*/[0m
  [1m[35mSQL (0.2ms)[0m  [1m[35mSET search_path TO "$user", public /*application='WebtechRoomies'*/[0m
  [1m[35mSQL (0.2ms)[0m  [1m[35mSET search_path TO public /*application='WebtechRoomies'*/[0m
  [1m[35mSQL (0.2ms)[0m  [1m[35mSET search_path TO "$user", public /*application='WebtechRoomies'*/[0m
Using vips to process variants requires the libvips library. Please install libvips using the instructions on the libvips website.
Using vips to process variants requires the libvips library. Please install libvips using the instructions on the libvips website.
Using vips to process variants requires the libvips library. Please install libvips using the instructions on the libvips website.
Using vips to process variants requires the libvips library. Please install libvips using the instructions on the libvips website.
Started GET "/" for 127.0.0.1 at 2026-10-04 23:57:40 -0300
  [1m[36mActiveRecord::SchemaMigration Load (1.0ms)[0m  [1m[34mSELECT "schema_migrations"."version" FROM "schema_migrations" ORDER BY "schema_migrations"."version" ASC /*application='WebtechRoomies'*/[0m
Processing by PagesController#home as HTML
  Rendering layout layouts/application.html.erb
  Rendering pages/home.html.erb within layouts/application
  Rendered pages/home.html.erb within layouts/application (Duration: 0.3ms | GC: 0.0ms)
  Rendered layout layouts/application.html.erb (Duration: 31.7ms | GC: 2.6ms)
Completed 200 OK in 83ms (Views: 40.1ms | ActiveRecord: 0.0ms (0 queries, 0 cached) | GC: 3.2ms)


Started GET "/" for 127.0.0.1 at 2026-10-05 00:11:07 -0300
Processing by PagesController#home as HTML
  Rendering layout layouts/application.html.erb
  Rendering pages/home.html.erb within layouts/application
  Rendered pages/home.html.erb within layouts/application (Duration: 0.7ms | GC: 0.0ms)
  Rendered layout layouts/application.html.erb (Duration: 28.7ms | GC: 0.0ms)
Completed 200 OK in 36ms (Views: 32.8ms | ActiveRecord: 0.0ms (0 queries, 0 cached) | GC: 0.0ms)


Started GET "/listings" for 127.0.0.1 at 2026-10-05 00:11:46 -0300
  
ActionDispatch::MissingController (uninitialized constant ListingsController)
Caused by: NameError (uninitialized constant ListingsController)

Information for: ActionDispatch::MissingController (uninitialized constant ListingsController):
  
actionpack (8.1.4) lib/action_dispatch/http/request.rb:101:in 'ActionDispatch::Request#controller_class_for'
actionpack (8.1.4) lib/action_dispatch/http/request.rb:90:in 'ActionDispatch::Request#controller_class'
actionpack (8.1.4) lib/action_dispatch/routing/route_set.rb:61:in 'ActionDispatch::Routing::RouteSet::Dispatcher#controller'
actionpack (8.1.4) lib/action_dispatch/routing/route_set.rb:48:in 'ActionDispatch::Routing::RouteSet::Dispatcher#serve'
actionpack (8.1.4) lib/action_dispatch/journey/router.rb:35:in 'block in ActionDispatch::Journey::Router#serve'
actionpack (8.1.4) lib/action_dispatch/journey/router.rb:86:in 'block in ActionDispatch::Journey::Router#recognize'
actionpack (8.1.4) lib/action_dispatch/journey/router.rb:66:in 'Array#each'
actionpack (8.1.4) lib/action_dispatch/journey/router.rb:66:in 'ActionDispatch::Journey::Router#recognize'
actionpack (8.1.4) lib/action_dispatch/journey/router.rb:31:in 'ActionDispatch::Journey::Router#serve'
actionpack (8.1.4) lib/action_dispatch/routing/route_set.rb:906:in 'ActionDispatch::Routing::RouteSet#call'
railties (8.1.4) lib/rails/engine/lazy_route_set.rb:93:in 'Rails::Engine::LazyRouteSet#call'
rack (3.2.7) lib/rack/tempfile_reaper.rb:20:in 'Rack::TempfileReaper#call'
rack (3.2.7) lib/rack/etag.rb:29:in 'Rack::ETag#call'
rack (3.2.7) lib/rack/conditional_get.rb:31:in 'Rack::ConditionalGet#call'
rack (3.2.7) lib/rack/head.rb:15:in 'Rack::Head#call'
actionpack (8.1.4) lib/action_dispatch/http/content_security_policy.rb:38:in 'ActionDispatch::ContentSecurityPolicy::Middleware#call'
rack-session (2.1.2) lib/rack/session/abstract/id.rb:274:in 'Rack::Session::Abstract::Persisted#context'
rack-session (2.1.2) lib/rack/session/abstract/id.rb:268:in 'Rack::Session::Abstract::Persisted#call'
actionpack (8.1.4) lib/action_dispatch/middleware/cookies.rb:708:in 'ActionDispatch::Cookies#call'
activerecord (8.1.4) lib/active_record/migration.rb:671:in 'ActiveRecord::Migration::CheckPending#call'
actionpack (8.1.4) lib/action_dispatch/middleware/callbacks.rb:31:in 'block in ActionDispatch::Callbacks#call'
activesupport (8.1.4) lib/active_support/callbacks.rb:101:in 'ActiveSupport::Callbacks#run_callbacks'
actionpack (8.1.4) lib/action_dispatch/middleware/callbacks.rb:30:in 'ActionDispatch::Callbacks#call'
actionpack (8.1.4) lib/action_dispatch/middleware/executor.rb:20:in 'ActionDispatch::Executor#call'
actionpack (8.1.4) lib/action_dispatch/middleware/actionable_exceptions.rb:18:in 'ActionDispatch::ActionableExceptions#call'
actionpack (8.1.4) lib/action_dispatch/middleware/debug_exceptions.rb:31:in 'ActionDispatch::DebugExceptions#call'
web-console (4.3.0) lib/web_console/middleware.rb:132:in 'WebConsole::Middleware#call_app'
web-console (4.3.0) lib/web_console/middleware.rb:28:in 'block in WebConsole::Middleware#call'
web-console (4.3.0) lib/web_console/middleware.rb:17:in 'Kernel#catch'
web-console (4.3.0) lib/web_console/middleware.rb:17:in 'WebConsole::Middleware#call'
actionpack (8.1.4) lib/action_dispatch/middleware/show_exceptions.rb:32:in 'ActionDispatch::ShowExceptions#call'
railties (8.1.4) lib/rails/rack/logger.rb:41:in 'Rails::Rack::Logger#call_app'
railties (8.1.4) lib/rails/rack/logger.rb:29:in 'Rails::Rack::Logger#call'
propshaft (1.3.2) lib/propshaft/quiet_assets.rb:11:in 'Propshaft::QuietAssets#call'
actionpack (8.1.4) lib/action_dispatch/middleware/remote_ip.rb:98:in 'ActionDispatch::RemoteIp#call'
actionpack (8.1.4) lib/action_dispatch/middleware/request_id.rb:34:in 'ActionDispatch::RequestId#call'
rack (3.2.7) lib/rack/method_override.rb:28:in 'Rack::MethodOverride#call'
rack (3.2.7) lib/rack/runtime.rb:24:in 'Rack::Runtime#call'
activesupport (8.1.4) lib/active_support/cache/strategy/local_cache_middleware.rb:30:in 'ActiveSupport::Cache::Strategy::LocalCache::Middleware#call'
actionpack (8.1.4) lib/action_dispatch/middleware/server_timing.rb:61:in 'block in ActionDispatch::ServerTiming#call'
actionpack (8.1.4) lib/action_dispatch/middleware/server_timing.rb:26:in 'ActionDispatch::ServerTiming::Subscriber#collect_events'
actionpack (8.1.4) lib/action_dispatch/middleware/server_timing.rb:60:in 'ActionDispatch::ServerTiming#call'
actionpack (8.1.4) lib/action_dispatch/middleware/executor.rb:20:in 'ActionDispatch::Executor#call'
propshaft (1.3.2) lib/propshaft/server.rb:37:in 'Propshaft::Server#call'
actionpack (8.1.4) lib/action_dispatch/middleware/static.rb:27:in 'ActionDispatch::Static#call'
rack (3.2.7) lib/rack/sendfile.rb:131:in 'Rack::Sendfile#call'
actionpack (8.1.4) lib/action_dispatch/middleware/host_authorization.rb:144:in 'ActionDispatch::HostAuthorization#call'
railties (8.1.4) lib/rails/engine.rb:534:in 'Rails::Engine#call'
puma (8.0.2) lib/puma/configuration.rb:305:in 'Puma::Configuration::ConfigMiddleware#call'
puma (8.0.2) lib/puma/response.rb:79:in 'block in Puma::Response#handle_request'
puma (8.0.2) lib/puma/thread_pool.rb:434:in 'Puma::ThreadPool#with_force_shutdown'
puma (8.0.2) lib/puma/response.rb:78:in 'Puma::Response#handle_request'
puma (8.0.2) lib/puma/server.rb:508:in 'Puma::Server#process_client'
puma (8.0.2) lib/puma/server.rb:263:in 'block in Puma::Server#run'
puma (8.0.2) lib/puma/thread_pool.rb:246:in 'block in Puma::ThreadPool#spawn_thread'

Information for cause: NameError (uninitialized constant ListingsController):
  
activesupport (8.1.4) lib/active_support/inflector/methods.rb:290:in 'ActiveSupport::Inflector#constantize'
activesupport (8.1.4) lib/active_support/core_ext/string/inflections.rb:74:in 'String#constantize'
actionpack (8.1.4) lib/action_dispatch/http/request.rb:98:in 'ActionDispatch::Request#controller_class_for'
actionpack (8.1.4) lib/action_dispatch/http/request.rb:90:in 'ActionDispatch::Request#controller_class'
actionpack (8.1.4) lib/action_dispatch/routing/route_set.rb:61:in 'ActionDispatch::Routing::RouteSet::Dispatcher#controller'
actionpack (8.1.4) lib/action_dispatch/routing/route_set.rb:48:in 'ActionDispatch::Routing::RouteSet::Dispatcher#serve'
actionpack (8.1.4) lib/action_dispatch/journey/router.rb:35:in 'block in ActionDispatch::Journey::Router#serve'
actionpack (8.1.4) lib/action_dispatch/journey/router.rb:86:in 'block in ActionDispatch::Journey::Router#recognize'
actionpack (8.1.4) lib/action_dispatch/journey/router.rb:66:in 'Array#each'
actionpack (8.1.4) lib/action_dispatch/journey/router.rb:66:in 'ActionDispatch::Journey::Router#recognize'
actionpack (8.1.4) lib/action_dispatch/journey/router.rb:31:in 'ActionDispatch::Journey::Router#serve'
actionpack (8.1.4) lib/action_dispatch/routing/route_set.rb:906:in 'ActionDispatch::Routing::RouteSet#call'
railties (8.1.4) lib/rails/engine/lazy_route_set.rb:93:in 'Rails::Engine::LazyRouteSet#call'
rack (3.2.7) lib/rack/tempfile_reaper.rb:20:in 'Rack::TempfileReaper#call'
rack (3.2.7) lib/rack/etag.rb:29:in 'Rack::ETag#call'
rack (3.2.7) lib/rack/conditional_get.rb:31:in 'Rack::ConditionalGet#call'
rack (3.2.7) lib/rack/head.rb:15:in 'Rack::Head#call'
actionpack (8.1.4) lib/action_dispatch/http/content_security_policy.rb:38:in 'ActionDispatch::ContentSecurityPolicy::Middleware#call'
rack-session (2.1.2) lib/rack/session/abstract/id.rb:274:in 'Rack::Session::Abstract::Persisted#context'
rack-session (2.1.2) lib/rack/session/abstract/id.rb:268:in 'Rack::Session::Abstract::Persisted#call'
actionpack (8.1.4) lib/action_dispatch/middleware/cookies.rb:708:in 'ActionDispatch::Cookies#call'
activerecord (8.1.4) lib/active_record/migration.rb:671:in 'ActiveRecord::Migration::CheckPending#call'
actionpack (8.1.4) lib/action_dispatch/middleware/callbacks.rb:31:in 'block in ActionDispatch::Callbacks#call'
activesupport (8.1.4) lib/active_support/callbacks.rb:101:in 'ActiveSupport::Callbacks#run_callbacks'
actionpack (8.1.4) lib/action_dispatch/middleware/callbacks.rb:30:in 'ActionDispatch::Callbacks#call'
actionpack (8.1.4) lib/action_dispatch/middleware/executor.rb:20:in 'ActionDispatch::Executor#call'
actionpack (8.1.4) lib/action_dispatch/middleware/actionable_exceptions.rb:18:in 'ActionDispatch::ActionableExceptions#call'
actionpack (8.1.4) lib/action_dispatch/middleware/debug_exceptions.rb:31:in 'ActionDispatch::DebugExceptions#call'
web-console (4.3.0) lib/web_console/middleware.rb:132:in 'WebConsole::Middleware#call_app'
web-console (4.3.0) lib/web_console/middleware.rb:28:in 'block in WebConsole::Middleware#call'
web-console (4.3.0) lib/web_console/middleware.rb:17:in 'Kernel#catch'
web-console (4.3.0) lib/web_console/middleware.rb:17:in 'WebConsole::Middleware#call'
actionpack (8.1.4) lib/action_dispatch/middleware/show_exceptions.rb:32:in 'ActionDispatch::ShowExceptions#call'
railties (8.1.4) lib/rails/rack/logger.rb:41:in 'Rails::Rack::Logger#call_app'
railties (8.1.4) lib/rails/rack/logger.rb:29:in 'Rails::Rack::Logger#call'
propshaft (1.3.2) lib/propshaft/quiet_assets.rb:11:in 'Propshaft::QuietAssets#call'
actionpack (8.1.4) lib/action_dispatch/middleware/remote_ip.rb:98:in 'ActionDispatch::RemoteIp#call'
actionpack (8.1.4) lib/action_dispatch/middleware/request_id.rb:34:in 'ActionDispatch::RequestId#call'
rack (3.2.7) lib/rack/method_override.rb:28:in 'Rack::MethodOverride#call'
rack (3.2.7) lib/rack/runtime.rb:24:in 'Rack::Runtime#call'
activesupport (8.1.4) lib/active_support/cache/strategy/local_cache_middleware.rb:30:in 'ActiveSupport::Cache::Strategy::LocalCache::Middleware#call'
actionpack (8.1.4) lib/action_dispatch/middleware/server_timing.rb:61:in 'block in ActionDispatch::ServerTiming#call'
actionpack (8.1.4) lib/action_dispatch/middleware/server_timing.rb:26:in 'ActionDispatch::ServerTiming::Subscriber#collect_events'
actionpack (8.1.4) lib/action_dispatch/middleware/server_timing.rb:60:in 'ActionDispatch::ServerTiming#call'
actionpack (8.1.4) lib/action_dispatch/middleware/executor.rb:20:in 'ActionDispatch::Executor#call'
propshaft (1.3.2) lib/propshaft/server.rb:37:in 'Propshaft::Server#call'
actionpack (8.1.4) lib/action_dispatch/middleware/static.rb:27:in 'ActionDispatch::Static#call'
rack (3.2.7) lib/rack/sendfile.rb:131:in 'Rack::Sendfile#call'
actionpack (8.1.4) lib/action_dispatch/middleware/host_authorization.rb:144:in 'ActionDispatch::HostAuthorization#call'
railties (8.1.4) lib/rails/engine.rb:534:in 'Rails::Engine#call'
puma (8.0.2) lib/puma/configuration.rb:305:in 'Puma::Configuration::ConfigMiddleware#call'
puma (8.0.2) lib/puma/response.rb:79:in 'block in Puma::Response#handle_request'
puma (8.0.2) lib/puma/thread_pool.rb:434:in 'Puma::ThreadPool#with_force_shutdown'
puma (8.0.2) lib/puma/response.rb:78:in 'Puma::Response#handle_request'
puma (8.0.2) lib/puma/server.rb:508:in 'Puma::Server#process_client'
puma (8.0.2) lib/puma/server.rb:263:in 'block in Puma::Server#run'
puma (8.0.2) lib/puma/thread_pool.rb:246:in 'block in Puma::ThreadPool#spawn_thread'
Started GET "/" for 127.0.0.1 at 2026-10-05 00:48:58 -0300
Processing by PagesController#home as HTML
  Rendering layout layouts/application.html.erb
  Rendering pages/home.html.erb within layouts/application
  Rendered pages/home.html.erb within layouts/application (Duration: 20.2ms | GC: 0.0ms)
  Rendered layout layouts/application.html.erb (Duration: 69.1ms | GC: 0.0ms)
Completed 200 OK in 85ms (Views: 79.1ms | ActiveRecord: 0.0ms (0 queries, 0 cached) | GC: 0.0ms)


Started GET "/listing" for 127.0.0.1 at 2026-10-05 00:49:16 -0300
  
ActionController::RoutingError (No route matches [GET] "/listing"):
  
Started GET "/favicon.ico" for 127.0.0.1 at 2026-10-05 00:49:16 -0300
  
ActionController::RoutingError (No route matches [GET] "/favicon.ico"):
  
Started GET "/listings" for 127.0.0.1 at 2026-10-05 00:49:24 -0300
Processing by ListingsController#index as HTML
  Rendering layout layouts/application.html.erb
  Rendering listings/index.html.erb within layouts/application
  [1m[36mListing Exists? (1.7ms)[0m  [1m[34mSELECT 1 AS one FROM "listings" WHERE "listings"."status" = 'published' LIMIT 1 /*action='index',application='WebtechRoomies',controller='listings'*/[0m
  ↳ app/views/listings/index.html.erb:5
  Rendered listings/index.html.erb within layouts/application (Duration: 8.6ms | GC: 0.0ms)
  Rendered layout layouts/application.html.erb (Duration: 10.7ms | GC: 0.0ms)
Completed 200 OK in 135ms (Views: 10.4ms | ActiveRecord: 29.4ms (1 query, 0 cached) | GC: 0.0ms)


Started GET "/properties" for 127.0.0.1 at 2026-10-05 01:28:23 -0300
Processing by PropertiesController#index as HTML
  Rendering layout layouts/application.html.erb
  Rendering properties/index.html.erb within layouts/application
  [1m[36mProperty Exists? (1.2ms)[0m  [1m[34mSELECT 1 AS one FROM "properties" LIMIT 1 /*action='index',application='WebtechRoomies',controller='properties'*/[0m
  ↳ app/views/properties/index.html.erb:5
  Rendered properties/index.html.erb within layouts/application (Duration: 11.4ms | GC: 3.4ms)
  Rendered layout layouts/application.html.erb (Duration: 31.1ms | GC: 3.4ms)
Completed 200 OK in 102ms (Views: 36.6ms | ActiveRecord: 16.6ms (1 query, 0 cached) | GC: 9.8ms)


Started GET "/properties" for 127.0.0.1 at 2026-10-05 01:58:34 -0300
Processing by PropertiesController#index as HTML
  Rendering layout layouts/application.html.erb
  Rendering properties/index.html.erb within layouts/application
  [1m[36mProperty Exists? (39.3ms)[0m  [1m[34mSELECT 1 AS one FROM "properties" LIMIT 1 /*action='index',application='WebtechRoomies',controller='properties'*/[0m
  ↳ app/views/properties/index.html.erb:5
  Rendered properties/index.html.erb within layouts/application (Duration: 51.3ms | GC: 0.0ms)
  Rendered layout layouts/application.html.erb (Duration: 75.6ms | GC: 0.0ms)
Completed 200 OK in 124ms (Views: 35.0ms | ActiveRecord: 50.5ms (1 query, 0 cached) | GC: 0.0ms)


Started GET "/neighborhoods" for 127.0.0.1 at 2026-10-05 01:58:39 -0300
Processing by NeighborhoodsController#index as HTML
  Rendering layout layouts/application.html.erb
  Rendering neighborhoods/index.html.erb within layouts/application
  [1m[36mNeighborhood Exists? (1.0ms)[0m  [1m[34mSELECT 1 AS one FROM "neighborhoods" LIMIT 1 /*action='index',application='WebtechRoomies',controller='neighborhoods'*/[0m
  ↳ app/views/neighborhoods/index.html.erb:5
  Rendered neighborhoods/index.html.erb within layouts/application (Duration: 21.2ms | GC: 0.0ms)
  Rendered layout layouts/application.html.erb (Duration: 24.8ms | GC: 0.0ms)
Completed 200 OK in 69ms (Views: 29.3ms | ActiveRecord: 5.9ms (1 query, 0 cached) | GC: 0.0ms)


Started GET "/applications" for 127.0.0.1 at 2026-10-05 02:15:08 -0300
Processing by ApplicationsController#index as HTML
  Rendering layout layouts/application.html.erb
  Rendering applications/index.html.erb within layouts/application
  [1m[36mApplication Exists? (1.3ms)[0m  [1m[34mSELECT 1 AS one FROM "applications" LIMIT 1 /*action='index',application='WebtechRoomies',controller='applications'*/[0m
  ↳ app/views/applications/index.html.erb:5
  Rendered applications/index.html.erb within layouts/application (Duration: 3.3ms | GC: 0.0ms)
  Rendered layout layouts/application.html.erb (Duration: 11.6ms | GC: 4.3ms)
Completed 200 OK in 70ms (Views: 17.5ms | ActiveRecord: 14.7ms (1 query, 0 cached) | GC: 16.1ms)


Started GET "/" for 127.0.0.1 at 2026-10-05 02:37:49 -0300
Processing by PagesController#home as HTML
  Rendering layout layouts/application.html.erb
  Rendering pages/home.html.erb within layouts/application
  [1m[36mListing Exists? (1.7ms)[0m  [1m[34mSELECT 1 AS one FROM "listings" WHERE "listings"."status" = 'published' LIMIT 1 /*action='home',application='WebtechRoomies',controller='pages'*/[0m
  ↳ app/views/pages/home.html.erb:31
  Rendered pages/home.html.erb within layouts/application (Duration: 32.6ms | GC: 1.6ms)
  Rendered layout layouts/application.html.erb (Duration: 37.2ms | GC: 1.6ms)
Completed 200 OK in 59ms (Views: 29.7ms | ActiveRecord: 11.6ms (1 query, 0 cached) | GC: 3.6ms)


Started GET "/properties" for 127.0.0.1 at 2026-10-05 02:38:10 -0300
Processing by PropertiesController#index as HTML
  Rendering layout layouts/application.html.erb
  Rendering properties/index.html.erb within layouts/application
  [1m[36mProperty Exists? (2.3ms)[0m  [1m[34mSELECT 1 AS one FROM "properties" LIMIT 1 /*action='index',application='WebtechRoomies',controller='properties'*/[0m
  ↳ app/views/properties/index.html.erb:5
  Rendered properties/index.html.erb within layouts/application (Duration: 7.4ms | GC: 1.5ms)
  Rendered layout layouts/application.html.erb (Duration: 10.7ms | GC: 1.5ms)
Completed 200 OK in 21ms (Views: 10.7ms | ActiveRecord: 2.2ms (1 query, 0 cached) | GC: 1.5ms)


Started GET "/listings" for 127.0.0.1 at 2026-10-05 02:39:20 -0300
Processing by ListingsController#index as HTML
  Rendering layout layouts/application.html.erb
  Rendering listings/index.html.erb within layouts/application
  [1m[36mListing Exists? (0.6ms)[0m  [1m[34mSELECT 1 AS one FROM "listings" WHERE "listings"."status" = 'published' LIMIT 1 /*action='index',application='WebtechRoomies',controller='listings'*/[0m
  ↳ app/views/listings/index.html.erb:5
  Rendered listings/index.html.erb within layouts/application (Duration: 6.6ms | GC: 3.5ms)
  Rendered layout layouts/application.html.erb (Duration: 9.2ms | GC: 3.5ms)
Completed 200 OK in 16ms (Views: 10.0ms | ActiveRecord: 0.6ms (1 query, 0 cached) | GC: 3.5ms)


Started GET "/neighborhoods" for 127.0.0.1 at 2026-10-05 02:40:13 -0300
Processing by NeighborhoodsController#index as HTML
  Rendering layout layouts/application.html.erb
  Rendering neighborhoods/index.html.erb within layouts/application
  [1m[36mNeighborhood Exists? (1.1ms)[0m  [1m[34mSELECT 1 AS one FROM "neighborhoods" LIMIT 1 /*action='index',application='WebtechRoomies',controller='neighborhoods'*/[0m
  ↳ app/views/neighborhoods/index.html.erb:5
  Rendered neighborhoods/index.html.erb within layouts/application (Duration: 3.7ms | GC: 0.0ms)
  Rendered layout layouts/application.html.erb (Duration: 8.8ms | GC: 0.0ms)
Completed 200 OK in 21ms (Views: 9.7ms | ActiveRecord: 1.1ms (1 query, 0 cached) | GC: 1.3ms)


Started GET "/properties" for 127.0.0.1 at 2026-10-05 02:40:19 -0300
Processing by PropertiesController#index as HTML
  Rendering layout layouts/application.html.erb
  Rendering properties/index.html.erb within layouts/application
  [1m[36mProperty Exists? (0.6ms)[0m  [1m[34mSELECT 1 AS one FROM "properties" LIMIT 1 /*action='index',application='WebtechRoomies',controller='properties'*/[0m
  ↳ app/views/properties/index.html.erb:5
  Rendered properties/index.html.erb within layouts/application (Duration: 1.9ms | GC: 0.0ms)
  Rendered layout layouts/application.html.erb (Duration: 4.0ms | GC: 0.0ms)
Completed 200 OK in 6ms (Views: 4.3ms | ActiveRecord: 0.5ms (1 query, 0 cached) | GC: 0.0ms)


Started GET "/applications" for 127.0.0.1 at 2026-10-05 02:40:24 -0300
Processing by ApplicationsController#index as HTML
  Rendering layout layouts/application.html.erb
  Rendering applications/index.html.erb within layouts/application
  [1m[36mApplication Exists? (1.5ms)[0m  [1m[34mSELECT 1 AS one FROM "applications" LIMIT 1 /*action='index',application='WebtechRoomies',controller='applications'*/[0m
  ↳ app/views/applications/index.html.erb:5
  Rendered applications/index.html.erb within layouts/application (Duration: 5.0ms | GC: 0.0ms)
  Rendered layout layouts/application.html.erb (Duration: 8.5ms | GC: 0.0ms)
Completed 200 OK in 23ms (Views: 8.6ms | ActiveRecord: 1.5ms (1 query, 0 cached) | GC: 0.0ms)


Started GET "/" for 127.0.0.1 at 2026-10-05 02:40:35 -0300
Processing by PagesController#home as HTML
  Rendering layout layouts/application.html.erb
  Rendering pages/home.html.erb within layouts/application
  [1m[36mListing Exists? (0.3ms)[0m  [1m[34mSELECT 1 AS one FROM "listings" WHERE "listings"."status" = 'published' LIMIT 1 /*action='home',application='WebtechRoomies',controller='pages'*/[0m
  ↳ app/views/pages/home.html.erb:31
  Rendered pages/home.html.erb within layouts/application (Duration: 1.4ms | GC: 0.0ms)
  Rendered layout layouts/application.html.erb (Duration: 2.7ms | GC: 0.0ms)
Completed 200 OK in 4ms (Views: 2.8ms | ActiveRecord: 0.3ms (1 query, 0 cached) | GC: 0.0ms)


Started GET "/listings" for 127.0.0.1 at 2026-10-05 02:40:36 -0300
Processing by ListingsController#index as HTML
  Rendering layout layouts/application.html.erb
  Rendering listings/index.html.erb within layouts/application
  [1m[36mListing Exists? (0.3ms)[0m  [1m[34mSELECT 1 AS one FROM "listings" WHERE "listings"."status" = 'published' LIMIT 1 /*action='index',application='WebtechRoomies',controller='listings'*/[0m
  ↳ app/views/listings/index.html.erb:5
  Rendered listings/index.html.erb within layouts/application (Duration: 1.5ms | GC: 0.0ms)
  Rendered layout layouts/application.html.erb (Duration: 3.1ms | GC: 0.0ms)
Completed 200 OK in 6ms (Views: 3.6ms | ActiveRecord: 0.3ms (1 query, 0 cached) | GC: 0.0ms)


Started GET "/listings" for 127.0.0.1 at 2026-10-05 02:40:37 -0300
Processing by ListingsController#index as HTML
  Rendering layout layouts/application.html.erb
  Rendering listings/index.html.erb within layouts/application
  [1m[36mListing Exists? (0.5ms)[0m  [1m[34mSELECT 1 AS one FROM "listings" WHERE "listings"."status" = 'published' LIMIT 1 /*action='index',application='WebtechRoomies',controller='listings'*/[0m
  ↳ app/views/listings/index.html.erb:5
  Rendered listings/index.html.erb within layouts/application (Duration: 2.2ms | GC: 0.0ms)
  Rendered layout layouts/application.html.erb (Duration: 4.3ms | GC: 0.0ms)
Completed 200 OK in 7ms (Views: 4.8ms | ActiveRecord: 0.5ms (1 query, 0 cached) | GC: 0.0ms)


Started GET "/properties" for 127.0.0.1 at 2026-10-05 02:40:38 -0300
Processing by PropertiesController#index as HTML
  Rendering layout layouts/application.html.erb
  Rendering properties/index.html.erb within layouts/application
  [1m[36mProperty Exists? (0.5ms)[0m  [1m[34mSELECT 1 AS one FROM "properties" LIMIT 1 /*action='index',application='WebtechRoomies',controller='properties'*/[0m
  ↳ app/views/properties/index.html.erb:5
  Rendered properties/index.html.erb within layouts/application (Duration: 2.0ms | GC: 0.0ms)
  Rendered layout layouts/application.html.erb (Duration: 4.0ms | GC: 0.0ms)
Completed 200 OK in 7ms (Views: 4.5ms | ActiveRecord: 0.5ms (1 query, 0 cached) | GC: 0.0ms)


Started GET "/listings" for 127.0.0.1 at 2026-10-05 02:40:39 -0300
Processing by ListingsController#index as HTML
  Rendering layout layouts/application.html.erb
  Rendering listings/index.html.erb within layouts/application
  [1m[36mListing Exists? (0.5ms)[0m  [1m[34mSELECT 1 AS one FROM "listings" WHERE "listings"."status" = 'published' LIMIT 1 /*action='index',application='WebtechRoomies',controller='listings'*/[0m
  ↳ app/views/listings/index.html.erb:5
  Rendered listings/index.html.erb within layouts/application (Duration: 3.5ms | GC: 0.0ms)
  Rendered layout layouts/application.html.erb (Duration: 6.4ms | GC: 0.0ms)
Completed 200 OK in 9ms (Views: 6.7ms | ActiveRecord: 0.5ms (1 query, 0 cached) | GC: 0.0ms)


Started GET "/properties" for 127.0.0.1 at 2026-10-05 02:40:39 -0300
Processing by PropertiesController#index as HTML
  Rendering layout layouts/application.html.erb
  Rendering properties/index.html.erb within layouts/application
  [1m[36mProperty Exists? (0.4ms)[0m  [1m[34mSELECT 1 AS one FROM "properties" LIMIT 1 /*action='index',application='WebtechRoomies',controller='properties'*/[0m
  ↳ app/views/properties/index.html.erb:5
  Rendered properties/index.html.erb within layouts/application (Duration: 2.2ms | GC: 0.0ms)
  Rendered layout layouts/application.html.erb (Duration: 4.8ms | GC: 0.0ms)
Completed 200 OK in 8ms (Views: 5.4ms | ActiveRecord: 0.4ms (1 query, 0 cached) | GC: 0.0ms)


Started GET "/neighborhoods" for 127.0.0.1 at 2026-10-05 02:40:40 -0300
Processing by NeighborhoodsController#index as HTML
  Rendering layout layouts/application.html.erb
  Rendering neighborhoods/index.html.erb within layouts/application
  [1m[36mNeighborhood Exists? (0.5ms)[0m  [1m[34mSELECT 1 AS one FROM "neighborhoods" LIMIT 1 /*action='index',application='WebtechRoomies',controller='neighborhoods'*/[0m
  ↳ app/views/neighborhoods/index.html.erb:5
  Rendered neighborhoods/index.html.erb within layouts/application (Duration: 1.9ms | GC: 0.0ms)
  Rendered layout layouts/application.html.erb (Duration: 6.0ms | GC: 0.0ms)
Completed 200 OK in 8ms (Views: 6.3ms | ActiveRecord: 0.4ms (1 query, 0 cached) | GC: 0.0ms)


Started GET "/properties" for 127.0.0.1 at 2026-10-05 02:40:41 -0300
Processing by PropertiesController#index as HTML
  Rendering layout layouts/application.html.erb
  Rendering properties/index.html.erb within layouts/application
  [1m[36mProperty Exists? (0.4ms)[0m  [1m[34mSELECT 1 AS one FROM "properties" LIMIT 1 /*action='index',application='WebtechRoomies',controller='properties'*/[0m
  ↳ app/views/properties/index.html.erb:5
  Rendered properties/index.html.erb within layouts/application (Duration: 1.8ms | GC: 0.0ms)
  Rendered layout layouts/application.html.erb (Duration: 3.1ms | GC: 0.0ms)
Completed 200 OK in 6ms (Views: 4.1ms | ActiveRecord: 0.4ms (1 query, 0 cached) | GC: 0.0ms)


Started GET "/listings" for 127.0.0.1 at 2026-10-05 02:40:41 -0300
Processing by ListingsController#index as HTML
  Rendering layout layouts/application.html.erb
  Rendering listings/index.html.erb within layouts/application
  [1m[36mListing Exists? (0.4ms)[0m  [1m[34mSELECT 1 AS one FROM "listings" WHERE "listings"."status" = 'published' LIMIT 1 /*action='index',application='WebtechRoomies',controller='listings'*/[0m
  ↳ app/views/listings/index.html.erb:5
  Rendered listings/index.html.erb within layouts/application (Duration: 1.6ms | GC: 0.0ms)
  Rendered layout layouts/application.html.erb (Duration: 3.3ms | GC: 0.0ms)
Completed 200 OK in 6ms (Views: 3.6ms | ActiveRecord: 0.3ms (1 query, 0 cached) | GC: 0.0ms)


Started GET "/neighborhoods" for 127.0.0.1 at 2026-10-05 02:40:53 -0300
Processing by NeighborhoodsController#index as HTML
  Rendering layout layouts/application.html.erb
  Rendering neighborhoods/index.html.erb within layouts/application
  [1m[36mNeighborhood Exists? (1.5ms)[0m  [1m[34mSELECT 1 AS one FROM "neighborhoods" LIMIT 1 /*action='index',application='WebtechRoomies',controller='neighborhoods'*/[0m
  ↳ app/views/neighborhoods/index.html.erb:5
  Rendered neighborhoods/index.html.erb within layouts/application (Duration: 5.1ms | GC: 0.0ms)
  Rendered layout layouts/application.html.erb (Duration: 7.4ms | GC: 0.0ms)
Completed 200 OK in 9ms (Views: 6.6ms | ActiveRecord: 1.5ms (1 query, 0 cached) | GC: 0.0ms)


